Trace,Exp,Core_0_IPC,Core_0_instructions,Core_0_cycles,Core_0_LLC_total_access,Core_0_LLC_total_hit,Core_0_LLC_total_miss,Core_0_LLC_loads,Core_0_LLC_load_hit,Core_0_LLC_load_miss,Core_0_LLC_RFO_miss,Core_0_LLC_writeback_miss,Core_0_L2C_total_access,Core_0_L2C_total_hit,Core_0_L2C_total_miss,Core_0_L2C_loads,Core_0_L2C_load_hit,Core_0_L2C_load_miss,Core_0_L2C_prefetch_requested,Core_0_L2C_prefetch_issued,Core_0_L2C_prefetch_useful,Core_0_L2C_prefetch_useless,Core_0_L2C_prefetch_late,Core_0_L2C_prefetch_filled,Core_0_L2C_prefetch_dropped,Core_0_L2C_average_miss_latency,Core_0_branch_prediction_accuracy,Core_0_branch_MPKI,Core_0_average_ROB_occupancy_at_mispredict,meta_selected_tsetlin,meta_selected_linucb,meta_selected_stride,meta_selected_pct_tsetlin,meta_selected_pct_linucb,meta_selected_pct_stride,meta_accuracy_ema_tsetlin,meta_accuracy_ema_linucb,meta_accuracy_ema_stride,meta_conf_ema_tsetlin,meta_conf_ema_linucb,meta_conf_ema_stride,meta_total_invocations,meta_all_empty,meta_stride_fallback,meta_single_ml,meta_explore,meta_greedy,meta_loser_boost,meta_sticky_switches,meta_epsilon_current,tsetlin_pt_lookup,tsetlin_pt_hit,tsetlin_pt_insert,tsetlin_predict_called,tsetlin_predict_explore,tsetlin_predict_exploit,tsetlin_predict_predicted,tsetlin_predict_multi_deg_called,tsetlin_predict_multi_deg_issued,tsetlin_reward_called,tsetlin_reward_pt_found,tsetlin_reward_correct_timely,tsetlin_reward_correct_untimely,tsetlin_reward_incorrect,tsetlin_learn_called,tsetlin_learn_positive,tsetlin_learn_negative,tsetlin_featurewise_pooled_predicts,tsetlin_featurewise_weight_updates,linucb_pt_lookup,linucb_pt_hit,linucb_pt_insert,linucb_predict_called,linucb_predict_explore,linucb_predict_exploit,linucb_predict_predicted,linucb_predict_multi_deg_called,linucb_predict_multi_deg_issued,linucb_predict_gating_checked,linucb_predict_gating_suppressed,linucb_reward_called,linucb_reward_pt_found,linucb_reward_correct_timely,linucb_reward_correct_untimely,linucb_reward_incorrect,linucb_learn_called,linucb_learn_positive,linucb_learn_negative,linucb_featurewise_pooled_predicts,linucb_featurewise_weight_updates,linucb_suppress_called,linucb_suppress_suppressed,stride_tracker_lookup,stride_tracker_hit,stride_stride_pos,stride_stride_neg,stride_pref_generated,stride_pref_stride_match,Filter
403.gcc-16B,nopref,1.40077,100000000,71389380,9967590,9955204,12386,62760,51155,11605,778,3,9975651,4968248,5007403,65863,3103,62760,0,0,0,0,0,0,0,30.36532,99.87315,0.24667,106.95139,0,0,0,0,0,0,0,0,0,0,0,0,0,0,0,0,0,0,0,0,0,0,0,0,0,0,0,0,0,0,0,0,0,0,0,0,0,0,0,0,0,0,0,0,0,0,0,0,0,0,0,0,0,0,0,0,0,0,0,0,0,0,0,0,0,0,0,0,0,0
403.gcc-16B,spp,1.40338,100000000,71256387,9981709,9966873,14836,62733,53066,9667,751,4,9980267,4972833,5007434,65863,3126,62737,25414,25414,45,72,4,117,0,30.30467,99.87315,0.24667,106.7808,0,0,0,0,0,0,0,0,0,0,0,0,0,0,0,0,0,0,0,0,0,0,0,0,0,0,0,0,0,0,0,0,0,0,0,0,0,0,0,0,0,0,0,0,0,0,0,0,0,0,0,0,0,0,0,0,0,0,0,0,0,0,0,0,0,0,0,0,0,0
403.gcc-16B,bingo,1.41165,100000000,70839238,9985976,9962044,23932,61475,56067,5408,683,10,9980568,4969621,5010947,65863,4308,61555,21211,21211,1302,3952,82,5254,0,30.38206,99.87315,0.24667,105.98431,0,0,0,0,0,0,0,0,0,0,0,0,0,0,0,0,0,0,0,0,0,0,0,0,0,0,0,0,0,0,0,0,0,0,0,0,0,0,0,0,0,0,0,0,0,0,0,0,0,0,0,0,0,0,0,0,0,0,0,0,0,0,0,0,0,0,0,0,0,0
403.gcc-16B,mlop,1.41048,100000000,70897893,9981306,9960664,20642,62759,56616,6143,683,0,9975937,4968600,5007337,65863,3104,62759,18351,18351,0,0,0,0,0,30.20245,99.87315,0.24667,106.41671,0,0,0,0,0,0,0,0,0,0,0,0,0,0,0,0,0,0,0,0,0,0,0,0,0,0,0,0,0,0,0,0,0,0,0,0,0,0,0,0,0,0,0,0,0,0,0,0,0,0,0,0,0,0,0,0,0,0,0,0,0,0,0,0,0,0,0,0,0,0
403.gcc-16B,pythia,1.41248,100000000,70797329,9993798,9973567,20231,53349,47662,5687,709,0,10035059,5001432,5033627,65863,12153,53710,81678,81678,12182,32650,370,44833,0,30.60567,99.87315,0.24667,106.10909,0,0,0,0,0,0,0,0,0,0,0,0,0,0,0,0,0,0,0,0,0,0,0,0,0,0,0,0,0,0,0,0,0,0,0,0,0,0,0,0,0,0,0,0,0,0,0,0,0,0,0,0,0,0,0,0,0,0,0,0,0,0,0,0,0,0,0,0,0,0
403.gcc-16B,linucb,1.40737,100000000,71054693,9983113,9965478,17635,53919,45553,8366,708,0,10011111,4988165,5022946,65863,11429,54434,49096,49096,10417,21466,518,31886,0,30.52054,99.87315,0.24667,106.52625,0,0,0,0,0,0,0,0,0,0,0,0,0,0,0,0,0,0,0,0,0,0,0,0,0,0,0,0,0,0,0,0,0,0,0,0,0,0,0,0,186789,83961,49713,79693,402,79291,49096,4087,3866,76871,0,79693,24892,12329,12563,19828,49484,25687,19828,79693,0,76871,0,0,0,0,0,0,0,0
403.gcc-16B,tsetlin,1.41165,100000000,70839005,10007072,9983577,23495,52739,46270,6469,690,4,10041999,4995089,5046910,65864,12724,53140,86140,86140,13469,48233,411,61708,0,30.72088,99.87315,0.24667,106.1114,0,0,0,0,0,0,0,0,0,0,0,0,0,0,0,0,0,0,0,0,0,215626,83311,53707,79694,2709,76985,86140,44655,41484,79694,20607,10722,9885,27241,53378,21145,27241,79694,0,0,0,0,0,0,0,0,0,0,0,0,0,0,0,0,0,0,0,0,0,0,0,0,0,0,0,0,0,0,0
403.gcc-16B,meta_selector,1.41399,100000000,70722075,10030586,10004543,26043,48463,42832,5631,673,9,10087028,5016584,5070444,65863,16927,48936,135604,135604,18485,72945,477,91441,0,30.81108,99.87315,0.24667,106.00093,36096,19346,24251,45.29382,24.27566,30.43053,1.51991,1.4031,0.00056,0.05881,0.12008,0,79693,23724,24251,31389,6773,17280,2384,6,0.14138,245116,86856,53779,79693,2720,76973,84652,44453,40155,79693,19276,10496,8780,29097,53327,19538,29097,79693,0,228457,67520,57368,79693,802,78891,114172,34998,79174,59187,0,79693,19365,8757,10608,14465,36812,19951,14465,79693,0,59187,0,79693,75434,28787,17446,4845,2473,0
403.gcc-16B,nopref_MTPS600,1.40037,100000000,71409789,9967590,9955204,12386,62760,51155,11605,778,3,9975651,4968248,5007403,65863,3103,62760,0,0,0,0,0,0,0,30.3732,99.87315,0.24667,106.96124,0,0,0,0,0,0,0,0,0,0,0,0,0,0,0,0,0,0,0,0,0,0,0,0,0,0,0,0,0,0,0,0,0,0,0,0,0,0,0,0,0,0,0,0,0,0,0,0,0,0,0,0,0,0,0,0,0,0,0,0,0,0,0,0,0,0,0,0,0,0
403.gcc-16B,spp_MTPS600,1.40292,100000000,71279677,9981704,9966869,14835,62733,53063,9670,751,4,9980266,4972832,5007434,65863,3126,62737,25412,25412,45,72,4,117,0,30.3134,99.87315,0.24667,106.79523,0,0,0,0,0,0,0,0,0,0,0,0,0,0,0,0,0,0,0,0,0,0,0,0,0,0,0,0,0,0,0,0,0,0,0,0,0,0,0,0,0,0,0,0,0,0,0,0,0,0,0,0,0,0,0,0,0,0,0,0,0,0,0,0,0,0,0,0,0,0
403.gcc-16B,bingo_MTPS600,1.40249,100000000,71301894,9985943,9962011,23932,61475,56034,5441,683,10,9980437,4969490,5010947,65863,4177,61686,21208,21208,1171,3952,213,5123,0,30.83474,99.87315,0.24667,106.04853,0,0,0,0,0,0,0,0,0,0,0,0,0,0,0,0,0,0,0,0,0,0,0,0,0,0,0,0,0,0,0,0,0,0,0,0,0,0,0,0,0,0,0,0,0,0,0,0,0,0,0,0,0,0,0,0,0,0,0,0,0,0,0,0,0,0,0,0,0,0
403.gcc-16B,mlop_MTPS600,1.40883,100000000,70980885,9981279,9960637,20642,62759,56589,6170,683,0,9975937,4968600,5007337,65863,3104,62759,18351,18351,0,0,0,0,0,30.22551,99.87315,0.24667,106.44424,0,0,0,0,0,0,0,0,0,0,0,0,0,0,0,0,0,0,0,0,0,0,0,0,0,0,0,0,0,0,0,0,0,0,0,0,0,0,0,0,0,0,0,0,0,0,0,0,0,0,0,0,0,0,0,0,0,0,0,0,0,0,0,0,0,0,0,0,0,0
403.gcc-16B,pythia_MTPS600,1.41012,100000000,70916202,9993640,9973339,20301,53409,47709,5700,705,0,10033869,5000400,5033469,65863,11796,54067,81492,81492,11815,32491,668,44307,0,30.79475,99.87315,0.24667,106.17647,0,0,0,0,0,0,0,0,0,0,0,0,0,0,0,0,0,0,0,0,0,0,0,0,0,0,0,0,0,0,0,0,0,0,0,0,0,0,0,0,0,0,0,0,0,0,0,0,0,0,0,0,0,0,0,0,0,0,0,0,0,0,0,0,0,0,0,0,0,0
403.gcc-16B,linucb_MTPS600,1.40643,100000000,71102184,9983063,9965570,17493,53859,45454,8405,711,2,10010703,4987802,5022901,65863,11391,54472,48782,48782,10380,21426,616,31809,0,30.57328,99.87315,0.24667,106.55479,0,0,0,0,0,0,0,0,0,0,0,0,0,0,0,0,0,0,0,0,0,0,0,0,0,0,0,0,0,0,0,0,0,0,0,0,0,0,0,0,186187,83510,49990,79693,402,79291,48782,3995,3800,76449,0,79693,24734,12276,12458,19634,49760,25596,19634,79693,0,76449,0,0,0,0,0,0,0,0
403.gcc-16B,tsetlin_MTPS600,1.40929,100000000,70957870,10005668,9983024,22644,53646,46728,6918,686,4,10036706,4991184,5045522,65863,11823,54040,80340,80340,12563,46860,403,59431,0,30.82134,99.87315,0.24667,106.31856,0,0,0,0,0,0,0,0,0,0,0,0,0,0,0,0,0,0,0,0,0,213489,83630,53832,79693,2663,77030,80340,38915,35489,79693,19836,10935,8901,28407,53408,20251,28407,79693,0,0,0,0,0,0,0,0,0,0,0,0,0,0,0,0,0,0,0,0,0,0,0,0,0,0,0,0,0,0,0
403.gcc-16B,meta_selector_MTPS600,1.41056,100000000,70893901,10024107,9999899,24208,48768,42580,6188,664,5,10075239,5011272,5063967,65863,16500,49363,123673,123673,17965,66460,599,84438,0,30.94867,99.87315,0.24667,106.19508,35463,20285,23945,44.49952,25.45393,30.04655,1.68994,1.62195,0.00056,2e-05,0.11599,0,79693,23428,23945,29319,7534,18895,2651,11,0.14138,238219,86176,54237,79693,2719,76974,80334,38851,35378,79693,20382,11055,9327,28082,53703,20714,28082,79693,0,225030,71875,56015,79693,801,78892,102616,37221,65395,62772,0,79693,20563,9579,10984,15637,38824,21092,15637,79693,0,62772,0,79693,75433,28790,17440,4849,2475,0
403.gcc-16B,nopref_MTPS4800,1.4008,100000000,71387670,9967590,9955204,12386,62760,51155,11605,778,3,9975651,4968248,5007403,65863,3103,62760,0,0,0,0,0,0,0,30.36458,99.87315,0.24667,106.95127,0,0,0,0,0,0,0,0,0,0,0,0,0,0,0,0,0,0,0,0,0,0,0,0,0,0,0,0,0,0,0,0,0,0,0,0,0,0,0,0,0,0,0,0,0,0,0,0,0,0,0,0,0,0,0,0,0,0,0,0,0,0,0,0,0,0,0,0,0,0
403.gcc-16B,spp_MTPS4800,1.40342,100000000,71254481,9981709,9966873,14836,62733,53066,9667,751,4,9980267,4972833,5007434,65863,3126,62737,25414,25414,45,72,4,117,0,30.30394,99.87315,0.24667,106.7808,0,0,0,0,0,0,0,0,0,0,0,0,0,0,0,0,0,0,0,0,0,0,0,0,0,0,0,0,0,0,0,0,0,0,0,0,0,0,0,0,0,0,0,0,0,0,0,0,0,0,0,0,0,0,0,0,0,0,0,0,0,0,0,0,0,0,0,0,0,0
403.gcc-16B,bingo_MTPS4800,1.41218,100000000,70812684,9985983,9962047,23936,61475,56070,5405,683,10,9980580,4969629,5010951,65863,4316,61547,21215,21215,1310,3956,74,5266,0,30.33787,99.87315,0.24667,105.97568,0,0,0,0,0,0,0,0,0,0,0,0,0,0,0,0,0,0,0,0,0,0,0,0,0,0,0,0,0,0,0,0,0,0,0,0,0,0,0,0,0,0,0,0,0,0,0,0,0,0,0,0,0,0,0,0,0,0,0,0,0,0,0,0,0,0,0,0,0,0
403.gcc-16B,mlop_MTPS4800,1.41053,100000000,70895138,9981308,9960666,20642,62759,56618,6141,683,0,9975937,4968600,5007337,65863,3104,62759,18351,18351,0,0,0,0,0,30.2016,99.87315,0.24667,106.4159,0,0,0,0,0,0,0,0,0,0,0,0,0,0,0,0,0,0,0,0,0,0,0,0,0,0,0,0,0,0,0,0,0,0,0,0,0,0,0,0,0,0,0,0,0,0,0,0,0,0,0,0,0,0,0,0,0,0,0,0,0,0,0,0,0,0,0,0,0,0
403.gcc-16B,pythia_MTPS4800,1.41265,100000000,70789006,9993828,9973562,20266,53319,47641,5678,710,0,10035353,5001695,5033658,65863,12196,53667,81821,81821,12223,32682,357,44906,0,30.59171,99.87315,0.24667,106.10074,0,0,0,0,0,0,0,0,0,0,0,0,0,0,0,0,0,0,0,0,0,0,0,0,0,0,0,0,0,0,0,0,0,0,0,0,0,0,0,0,0,0,0,0,0,0,0,0,0,0,0,0,0,0,0,0,0,0,0,0,0,0,0,0,0,0,0,0,0,0
403.gcc-16B,linucb_MTPS4800,1.40712,100000000,71067098,9982699,9965259,17440,54084,45655,8429,711,0,10010690,4988158,5022532,65863,11244,54619,48679,48679,10228,21052,538,31285,0,30.50981,99.87315,0.24667,106.54348,0,0,0,0,0,0,0,0,0,0,0,0,0,0,0,0,0,0,0,0,0,0,0,0,0,0,0,0,0,0,0,0,0,0,0,0,0,0,0,0,186351,83841,49595,79693,402,79291,48679,3484,3404,77092,0,79693,24885,12138,12747,19976,49367,25585,19976,79693,0,77092,0,0,0,0,0,0,0,0
403.gcc-16B,tsetlin_MTPS4800,1.41221,100000000,70811204,10008707,9985004,23703,52985,46727,6258,679,4,10041559,4993000,5048559,65864,12577,53287,85060,85060,13321,49888,312,63215,0,30.71802,99.87315,0.24667,106.09028,0,0,0,0,0,0,0,0,0,0,0,0,0,0,0,0,0,0,0,0,0,215990,81953,54470,79694,2709,76985,85060,44285,40775,79694,19344,10585,8759,27995,54086,19930,27995,79694,0,0,0,0,0,0,0,0,0,0,0,0,0,0,0,0,0,0,0,0,0,0,0,0,0,0,0,0,0,0,0
403.gcc-16B,meta_selector_MTPS4800,1.4141,100000000,70716359,10030200,10004325,25875,48391,42742,5649,659,7,10087125,5017064,5070061,65863,17025,48838,135535,135535,18586,72565,451,91164,0,30.78384,99.87315,0.24667,106.02063,36858,18435,24400,46.24998,23.13252,30.61749,2.23732,1.4989,0.00056,0,0.12,0,79693,23861,24400,30977,6747,17569,2422,8,0.14138,245611,88333,53562,79693,2719,76974,86287,44927,41360,79693,19990,10898,9092,28458,53031,20353,28458,79693,0,228191,67716,57041,79693,772,78921,112679,34682,77997,59350,0,79693,19079,8727,10352,14518,36477,19644,14518,79693,0,59350,0,79693,75433,28792,17440,4837,2469,0
403.gcc-16B,tsetlin_no_dyn_deg,1.40685,100000000,71080538,9989093,9969498,19595,57615,48949,8666,723,0,10008961,4980039,5028922,65863,8008,57855,43131,43131,6891,26393,254,33292,0,30.58175,99.87315,0.24667,106.53363,0,0,0,0,0,0,0,0,0,0,0,0,0,0,0,0,0,0,0,0,0,181329,71141,57647,79693,2713,76980,43131,0,0,79693,16486,8573,7913,28825,57354,17107,28825,79693,52741,0,0,0,0,0,0,0,0,0,0,0,0,0,0,0,0,0,0,0,0,0,0,0,0,0,0,0,0,0,0
403.gcc-16B,linucb_no_dyn_deg,1.40774,100000000,71035942,9983935,9965710,18225,54969,47089,7880,706,3,10005456,4981689,5023767,65863,10632,55231,38035,38035,9554,20530,264,30090,0,30.5361,99.87315,0.24667,106.366,0,0,0,0,0,0,0,0,0,0,0,0,0,0,0,0,0,0,0,0,0,0,0,0,0,0,0,0,0,0,0,0,0,0,0,0,0,0,0,0,186784,87814,40727,79693,403,79290,38035,0,0,78305,0,79693,18758,12287,6471,18797,40449,19362,18797,79693,43898,78305,0,0,0,0,0,0,0,0
403.gcc-16B,tsetlin_no_featurewise,1.41141,100000000,70851061,10007705,9984196,23509,53298,46661,6637,693,1,10039946,4992416,5047530,65863,12229,53634,82430,82430,12818,48700,341,61530,0,30.7172,99.87315,0.24667,106.24109,0,0,0,0,0,0,0,0,0,0,0,0,0,0,0,0,0,0,0,0,0,210411,77141,57340,79693,2709,76984,82430,43750,38678,79693,19645,10026,9619,27553,57001,20255,27553,0,0,0,0,0,0,0,0,0,0,0,0,0,0,0,0,0,0,0,0,0,0,0,0,0,0,0,0,0,0,0,0
403.gcc-16B,linucb_no_featurewise,1.40871,100000000,70987050,9986155,9967638,18517,54384,46744,7640,711,0,10009208,4983212,5025996,65863,11285,54578,41665,41665,9625,23183,197,32814,0,30.5465,99.87315,0.24667,106.3171,0,0,0,0,0,0,0,0,0,0,0,0,0,0,0,0,0,0,0,0,0,0,0,0,0,0,0,0,0,0,0,0,0,0,0,0,0,0,0,0,186243,84856,47476,79693,405,79288,41665,186,146,76480,0,79693,19935,12783,7152,20907,47196,20278,20907,0,0,76480,0,0,0,0,0,0,0,0
403.gcc-16B,meta_selector_no_explore,1.41399,100000000,70721642,10030870,10004611,26259,49134,43421,5713,679,5,10085557,5014840,5070717,65863,16261,49602,133131,133131,17623,72714,474,90353,0,30.81524,99.87315,0.24667,106.09665,38124,15647,25922,47.83858,19.6341,32.52732,1.64433,1.47184,0.00056,0.05805,0.12268,0,79693,25360,25922,33063,0,20708,2033,8,0,243451,85527,54601,79693,2718,76975,84851,44661,40135,79693,18969,10200,8769,29464,54135,19358,29464,79693,0,218820,58185,60682,79693,800,78893,107643,29763,77880,51697,0,79693,16182,7322,8860,12220,31399,16780,12220,79693,0,51697,0,79693,75432,28789,17442,4847,2474,0
403.gcc-16B,linucb_no_suppress,1.4084,100000000,71002692,9984723,9966361,18362,53521,46061,7460,706,5,10008272,4983711,5024561,65863,11650,54213,42238,42238,10770,21696,695,32470,0,30.54194,99.87315,0.24667,106.2385,0,0,0,0,0,0,0,0,0,0,0,0,0,0,0,0,0,0,0,0,0,0,0,0,0,0,0,0,0,0,0,0,0,0,0,0,0,0,0,0,189320,88624,44144,79693,404,79289,42238,947,630,0,0,79693,21084,13245,7839,20135,43870,21625,20135,79693,47546,78522,0,0,0,0,0,0,0,0
429.mcf-184B,nopref,0.07681,100000003,1301925809,11346159,5629179,5716980,10282280,4968845,5313435,45714,357831,14395968,4023774,10372194,13015504,2733221,10282283,0,0,0,0,0,0,0,194.03696,92.61607,17.6598,53.88526,0,0,0,0,0,0,0,0,0,0,0,0,0,0,0,0,0,0,0,0,0,0,0,0,0,0,0,0,0,0,0,0,0,0,0,0,0,0,0,0,0,0,0,0,0,0,0,0,0,0,0,0,0,0,0,0,0,0,0,0,0,0,0,0,0,0,0,0,0,0
429.mcf-184B,spp,0.07603,100000003,1315187044,11849511,5789983,6059528,10287757,4875380,5412377,51602,342413,14560065,4181508,10378557,13015501,2727739,10287762,875240,875240,41,867,2,908,0,196.05794,92.61607,17.6598,53.81217,0,0,0,0,0,0,0,0,0,0,0,0,0,0,0,0,0,0,0,0,0,0,0,0,0,0,0,0,0,0,0,0,0,0,0,0,0,0,0,0,0,0,0,0,0,0,0,0,0,0,0,0,0,0,0,0,0,0,0,0,0,0,0,0,0,0,0,0,0,0
429.mcf-184B,bingo,0.06105,100000003,1638129459,117765735,70786328,46979407,9968677,3892185,6076492,27462,312249,24037919,11831400,12206519,13015351,3040083,9975268,128553071,128553071,603597,1777828,7093,2381728,0,248.27214,92.61607,17.6598,54.76662,0,0,0,0,0,0,0,0,0,0,0,0,0,0,0,0,0,0,0,0,0,0,0,0,0,0,0,0,0,0,0,0,0,0,0,0,0,0,0,0,0,0,0,0,0,0,0,0,0,0,0,0,0,0,0,0,0,0,0,0,0,0,0,0,0,0,0,0,0,0
429.mcf-184B,mlop,0.09301,100000003,1075118365,20713251,8762273,11950978,9190810,5268787,3922023,68617,466384,17502332,5132090,12370242,13015120,3824006,9191114,13123951,13123951,1795693,2060411,329,3856741,0,133.14699,92.61607,17.6598,53.8127,0,0,0,0,0,0,0,0,0,0,0,0,0,0,0,0,0,0,0,0,0,0,0,0,0,0,0,0,0,0,0,0,0,0,0,0,0,0,0,0,0,0,0,0,0,0,0,0,0,0,0,0,0,0,0,0,0,0,0,0,0,0,0,0,0,0,0,0,0,0
429.mcf-184B,pythia,0.10223,100000003,978218949,18619302,9920937,8698365,8234667,5075047,3159620,58964,255637,26206543,8617489,17589054,13015077,4776606,8238471,15484841,15464817,3534825,8007273,6909,11543596,20024,207.75909,92.61607,17.6598,54.10073,0,0,0,0,0,0,0,0,0,0,0,0,0,0,0,0,0,0,0,0,0,0,0,0,0,0,0,0,0,0,0,0,0,0,0,0,0,0,0,0,0,0,0,0,0,0,0,0,0,0,0,0,0,0,0,0,0,0,0,0,0,0,0,0,0,0,0,0,0,0
429.mcf-184B,linucb,0.10268,100000003,973867016,18370280,9404610,8965670,8221135,5106947,3114188,58646,307748,24947029,7608260,17338769,13015089,4792018,8223071,13119159,13118997,3435876,7521494,3949,10958953,162,222.00075,92.61607,17.6598,53.88619,0,0,0,0,0,0,0,0,0,0,0,0,0,0,0,0,0,0,0,0,0,0,0,0,0,0,0,0,0,0,0,0,0,0,0,0,0,0,0,0,39950846,11498992,15761996,15821072,79007,15742065,13119159,6386,7414,13826251,0,15821072,487749,89270,398479,11268352,15761485,2023556,11268352,15821072,0,13826251,0,0,0,0,0,0,0,0
429.mcf-184B,tsetlin,0.08877,100000003,1126559636,29213539,15430861,13782678,10384239,6411605,3972634,51613,187370,34687754,6549280,28138474,13015053,2628305,10386748,25163505,25163319,1597461,19949209,3535,21548946,186,169.55018,92.61607,17.6598,54.18554,0,0,0,0,0,0,0,0,0,0,0,0,0,0,0,0,0,0,0,0,0,52141538,11464406,15601025,15821036,159726,15661310,25163505,12937865,12043901,15821036,391874,104288,287586,14313326,15600514,458892,14313326,15821036,0,0,0,0,0,0,0,0,0,0,0,0,0,0,0,0,0,0,0,0,0,0,0,0,0,0,0,0,0,0,0
429.mcf-184B,meta_selector,0.09149,100000003,1092956907,30854816,16586797,14268019,10000777,6258852,3741925,51470,179876,37647471,7871263,29776208,13014989,3009986,10005003,29036178,29035120,2183935,21847196,5819,24033545,1058,164.53778,92.61607,17.6598,54.28821,8215841,6870687,734438,51.93009,43.42773,4.64218,0.59761,0.67895,0,0,0.00397,0,15820966,730334,734438,3942774,570742,10573012,1113222,3873,0.05,54627162,8847188,15601444,15820966,159776,15661190,25155469,12921008,12028502,15820966,392506,86315,306191,14315028,15600719,459545,14315028,15820966,0,53018118,7149394,15760674,15820966,157868,15663098,25486058,12897104,12382743,13746380,0,15820966,492186,66249,425937,11256798,15758894,2015430,11256798,15820966,0,13746380,0,15820966,15820854,7751923,8044601,54893,47444,0
429.mcf-184B,nopref_MTPS600,0.07623,100000003,1311780917,11346091,5629126,5716965,10282350,4968930,5313420,45700,357845,14395893,4023704,10372189,13015571,2733218,10282353,0,0,0,0,0,0,0,197.24602,92.61607,17.6598,54.18896,0,0,0,0,0,0,0,0,0,0,0,0,0,0,0,0,0,0,0,0,0,0,0,0,0,0,0,0,0,0,0,0,0,0,0,0,0,0,0,0,0,0,0,0,0,0,0,0,0,0,0,0,0,0,0,0,0,0,0,0,0,0,0,0,0,0,0,0,0,0
429.mcf-184B,spp_MTPS600,0.07523,100000003,1329218225,11881054,5821041,6060013,10289095,4874583,5414512,51279,339149,14578213,4198375,10379838,13015558,2726455,10289103,924096,924096,28,864,5,892,0,200.17194,92.61607,17.6598,54.13757,0,0,0,0,0,0,0,0,0,0,0,0,0,0,0,0,0,0,0,0,0,0,0,0,0,0,0,0,0,0,0,0,0,0,0,0,0,0,0,0,0,0,0,0,0,0,0,0,0,0,0,0,0,0,0,0,0,0,0,0,0,0,0,0,0,0,0,0,0,0
429.mcf-184B,bingo_MTPS600,0.03323,100000003,3009213521,117867936,70873171,46994765,9949008,3861894,6087114,28328,315113,24033410,11844414,12188996,13015322,3057505,9957817,128677514,128677514,616889,1764620,9312,2381810,0,526.08848,92.61607,17.6598,54.96039,0,0,0,0,0,0,0,0,0,0,0,0,0,0,0,0,0,0,0,0,0,0,0,0,0,0,0,0,0,0,0,0,0,0,0,0,0,0,0,0,0,0,0,0,0,0,0,0,0,0,0,0,0,0,0,0,0,0,0,0,0,0,0,0,0,0,0,0,0,0
429.mcf-184B,mlop_MTPS600,0.08384,100000003,1192785056,20696803,8743798,11953005,9197535,5268569,3928966,68548,469611,17492666,5124749,12367917,13015170,3817303,9197867,13102658,13102658,1787575,2059643,356,3847708,0,161.43244,92.61607,17.6598,54.10121,0,0,0,0,0,0,0,0,0,0,0,0,0,0,0,0,0,0,0,0,0,0,0,0,0,0,0,0,0,0,0,0,0,0,0,0,0,0,0,0,0,0,0,0,0,0,0,0,0,0,0,0,0,0,0,0,0,0,0,0,0,0,0,0,0,0,0,0,0,0
429.mcf-184B,pythia_MTPS600,0.09674,100000003,1033747719,17457244,9361291,8095953,8376364,4973349,3403015,57754,287236,24588363,8154136,16434227,13015161,4633724,8381437,13806037,13786374,3308338,6938525,8155,10248232,19663,218.823,92.61607,17.6598,54.30089,0,0,0,0,0,0,0,0,0,0,0,0,0,0,0,0,0,0,0,0,0,0,0,0,0,0,0,0,0,0,0,0,0,0,0,0,0,0,0,0,0,0,0,0,0,0,0,0,0,0,0,0,0,0,0,0,0,0,0,0,0,0,0,0,0,0,0,0,0,0
429.mcf-184B,linucb_MTPS600,0.098,100000003,1020373259,18262070,9294814,8967256,8179545,5094752,3084793,59207,296268,24995143,7763794,17231349,13015149,4831359,8183790,13235555,13235393,3462192,7427379,6258,10891056,162,254.27127,92.61607,17.6598,54.26074,0,0,0,0,0,0,0,0,0,0,0,0,0,0,0,0,0,0,0,0,0,0,0,0,0,0,0,0,0,0,0,0,0,0,0,0,0,0,0,0,40006119,11471888,15754283,15821132,79104,15742028,13235555,7727,8473,13956692,0,15821132,521792,91387,430405,11427153,15753772,1989164,11427153,15821132,0,13956692,0,0,0,0,0,0,0,0
429.mcf-184B,tsetlin_MTPS600,0.08211,100000003,1217858202,24522872,12449760,12073112,10102114,5922991,4179123,56654,245065,29752975,6294433,23458542,13015118,2909904,10105214,20132123,20131938,1641682,15518171,4095,17161931,185,204.73367,92.61607,17.6598,54.31541,0,0,0,0,0,0,0,0,0,0,0,0,0,0,0,0,0,0,0,0,0,47757889,11510760,15599984,15821101,159727,15661374,20132123,7507455,7010818,15821101,390440,104649,285791,14318195,15599474,458102,14318195,15821101,0,0,0,0,0,0,0,0,0,0,0,0,0,0,0,0,0,0,0,0,0,0,0,0,0,0,0,0,0,0,0
429.mcf-184B,meta_selector_MTPS600,0.08409,100000003,1189190252,25066224,12785036,12281188,9548058,5594864,3953194,57470,233644,31546508,7546461,24000047,13015129,3461797,9553332,22819493,22818426,2351335,16371267,6833,18724737,1067,205.29392,92.61607,17.6598,54.39475,8205452,6807136,808518,51.86396,43.02567,5.11038,0.77408,0.7835,0,0,0.00329,0,15821106,804611,808518,3723816,578087,10710685,1127598,3468,0.05,49312569,8888351,15602060,15821106,159777,15661329,19837759,7191669,6716109,15821106,391504,83475,308029,14308338,15601333,458048,14308338,15821106,0,47791288,7211084,15755371,15821106,157922,15663184,20172779,7257642,6993069,13843475,0,15821106,518576,66805,451771,11361205,15753591,1997725,11361205,15821106,0,13843475,0,15821106,15820994,7749441,8047234,54925,47465,0
429.mcf-184B,nopref_MTPS4800,0.07684,100000003,1301336740,11346163,5629180,5716983,10282274,4968848,5313426,45715,357842,14395979,4023786,10372193,13015504,2733227,10282277,0,0,0,0,0,0,0,193.68987,92.61607,17.6598,53.84525,0,0,0,0,0,0,0,0,0,0,0,0,0,0,0,0,0,0,0,0,0,0,0,0,0,0,0,0,0,0,0,0,0,0,0,0,0,0,0,0,0,0,0,0,0,0,0,0,0,0,0,0,0,0,0,0,0,0,0,0,0,0,0,0,0,0,0,0,0,0
429.mcf-184B,spp_MTPS4800,0.076,100000003,1315792792,11836699,5788542,6048157,10288155,4870631,5417524,51327,339604,14568243,4189228,10379015,13015494,2727333,10288161,870054,870054,55,889,2,944,0,195.99967,92.61607,17.6598,53.77614,0,0,0,0,0,0,0,0,0,0,0,0,0,0,0,0,0,0,0,0,0,0,0,0,0,0,0,0,0,0,0,0,0,0,0,0,0,0,0,0,0,0,0,0,0,0,0,0,0,0,0,0,0,0,0,0,0,0,0,0,0,0,0,0,0,0,0,0,0,0
429.mcf-184B,bingo_MTPS4800,0.064,100000003,1562430712,117771017,70747854,47023163,9938556,3876888,6061668,27463,312684,24026518,11857126,12169392,13015357,3070708,9944649,128582287,128582287,630379,1744673,6591,2375348,0,234.2827,92.61607,17.6598,54.72592,0,0,0,0,0,0,0,0,0,0,0,0,0,0,0,0,0,0,0,0,0,0,0,0,0,0,0,0,0,0,0,0,0,0,0,0,0,0,0,0,0,0,0,0,0,0,0,0,0,0,0,0,0,0,0,0,0,0,0,0,0,0,0,0,0,0,0,0,0,0
429.mcf-184B,mlop_MTPS4800,0.0935,100000003,1069506858,20707444,8745760,11961684,9185175,5263717,3921458,68481,468397,17501347,5137842,12363505,13015093,3829575,9185518,13124998,13124998,1799165,2056124,367,3855620,0,131.75201,92.61607,17.6598,53.74878,0,0,0,0,0,0,0,0,0,0,0,0,0,0,0,0,0,0,0,0,0,0,0,0,0,0,0,0,0,0,0,0,0,0,0,0,0,0,0,0,0,0,0,0,0,0,0,0,0,0,0,0,0,0,0,0,0,0,0,0,0,0,0,0,0,0,0,0,0,0
429.mcf-184B,pythia_MTPS4800,0.10232,100000003,977340119,19561448,10367459,9193989,8215219,5166285,3048934,58431,226430,27362198,8835809,18526389,13015043,4795709,8219334,16728635,16713949,3606758,8890210,7234,12498546,14686,216.32114,92.61607,17.6598,54.18007,0,0,0,0,0,0,0,0,0,0,0,0,0,0,0,0,0,0,0,0,0,0,0,0,0,0,0,0,0,0,0,0,0,0,0,0,0,0,0,0,0,0,0,0,0,0,0,0,0,0,0,0,0,0,0,0,0,0,0,0,0,0,0,0,0,0,0,0,0,0
429.mcf-184B,linucb_MTPS4800,0.103,100000003,970905740,18353738,9393950,8959788,8216746,5106564,3110182,58472,305764,24924817,7602602,17322215,13015070,4796326,8218744,13093972,13093810,3438309,7507218,4005,10946963,162,220.79703,92.61607,17.6598,53.82562,0,0,0,0,0,0,0,0,0,0,0,0,0,0,0,0,0,0,0,0,0,0,0,0,0,0,0,0,0,0,0,0,0,0,0,0,0,0,0,0,39916306,11486032,15761363,15821053,79173,15741880,13093972,3899,5372,13812174,0,15821053,484254,89682,394572,11237730,15760852,2030404,11237730,15821053,0,13812174,0,0,0,0,0,0,0,0
429.mcf-184B,tsetlin_MTPS4800,0.08912,100000003,1122081667,29379451,15534657,13844794,10395911,6426783,3969128,51450,190325,34860993,6557454,28303539,13015085,2616650,10398435,25343437,25343250,1594308,20105801,3549,21702375,187,167.79838,92.61607,17.6598,54.13984,0,0,0,0,0,0,0,0,0,0,0,0,0,0,0,0,0,0,0,0,0,52301875,11466228,15600853,15821068,159726,15661342,25343437,13124186,12219018,15821068,394490,104399,290091,14317235,15600343,462127,14317235,15821068,0,0,0,0,0,0,0,0,0,0,0,0,0,0,0,0,0,0,0,0,0,0,0,0,0,0,0,0,0,0,0
429.mcf-184B,meta_selector_MTPS4800,0.0919,100000003,1088176468,31130306,16785928,14344378,10030864,6287547,3743317,51188,185438,37884898,7834164,30050734,13015129,2980042,10035087,29265652,29264591,2166358,22109029,5834,24277859,1061,162.32643,92.61607,17.6598,54.22463,8241341,6848230,731535,52.0908,43.2854,4.62379,0.61626,0.65186,0,0,0.00579,0,15821106,727429,731535,3969064,569550,10550957,1110855,3830,0.05,54873638,8871408,15601274,15821106,159777,15661329,25353939,13128004,12225636,15821106,389828,85523,304305,14317393,15600547,457511,14317393,15821106,0,53239725,7143314,15762121,15821106,158498,15662608,25638178,13081421,12556403,13727312,0,15821106,489957,66493,423464,11226947,15760341,2024682,11226947,15821106,0,13727312,0,15821106,15820994,7751680,8044989,54938,47472,0
429.mcf-184B,tsetlin_no_dyn_deg,0.08652,100000003,1155846537,20078815,9742567,10336248,9799085,5314134,4484951,57066,276913,24971035,5932205,19038830,13015208,3214836,9800372,13072222,13072222,1654791,9501116,2383,11157588,0,181.81239,92.61607,17.6598,53.92199,0,0,0,0,0,0,0,0,0,0,0,0,0,0,0,0,0,0,0,0,0,41696771,11636620,15602558,15821201,159757,15661444,13072222,0,0,15821201,384228,103798,280430,14239182,15602047,464934,14239182,15821201,14709617,0,0,0,0,0,0,0,0,0,0,0,0,0,0,0,0,0,0,0,0,0,0,0,0,0,0,0,0,0,0
429.mcf-184B,linucb_no_dyn_deg,0.1014,100000003,986200883,19480232,10361146,9119086,8329555,5211583,3117972,63444,261384,26477407,8035386,18442021,13014997,4682335,8332662,15407138,15407138,3489915,8762985,6875,12254543,0,218.08834,92.61607,17.6598,54.05078,0,0,0,0,0,0,0,0,0,0,0,0,0,0,0,0,0,0,0,0,0,0,0,0,0,0,0,0,0,0,0,0,0,0,0,0,0,0,0,0,43537387,13156906,15766264,15820985,79285,15741700,15407138,0,0,15666309,0,15820985,847642,115889,731753,14497577,15765753,1156399,14497577,15820985,16462011,15666309,0,0,0,0,0,0,0,0
429.mcf-184B,tsetlin_no_featurewise,0.08151,100000003,1226859995,25334228,11766236,13567992,10705827,5693512,5012315,52548,214424,29368364,5094738,24273626,13015230,2307887,10707343,18394251,18394251,878132,15555761,2046,16435944,0,165.4105,92.61607,17.6598,54.08402,0,0,0,0,0,0,0,0,0,0,0,0,0,0,0,0,0,0,0,0,0,43997165,9530118,15380102,15821217,159735,15661482,18394251,10251691,8053346,15821217,245905,84933,160972,11355104,15379592,352120,11355104,0,0,0,0,0,0,0,0,0,0,0,0,0,0,0,0,0,0,0,0,0,0,0,0,0,0,0,0,0,0,0,0
429.mcf-184B,linucb_no_featurewise,0.09305,100000003,1074689219,19301271,9976691,9324580,9012487,4916372,4096115,58506,251796,25891728,7625662,18266066,13015212,4000926,9014286,14290237,14290237,2683340,8562822,2880,11247743,0,160.80663,92.61607,17.6598,54.10889,0,0,0,0,0,0,0,0,0,0,0,0,0,0,0,0,0,0,0,0,0,0,0,0,0,0,0,0,0,0,0,0,0,0,0,0,0,0,0,0,41466540,11770800,15712994,15821207,78954,15742253,14290237,879,860,15619859,0,15821207,415561,124853,290708,13898534,15712482,547965,13898534,0,0,15619859,0,0,0,0,0,0,0,0
429.mcf-184B,meta_selector_no_explore,0.09132,100000003,1095019115,30851661,16577464,14274197,10004609,6256960,3747649,51318,183694,37626010,7852751,29773259,13015094,3006230,10008864,29006284,29005459,2181200,21830035,5879,24013673,825,165.72392,92.61607,17.6598,54.28291,8175436,6902694,742943,51.67435,43.62975,4.69591,0.67032,0.72133,0,0,0.00464,0,15821073,738946,742943,3932340,0,11145790,1113029,4096,0,54598494,8822928,15601001,15821073,159785,15661288,25135028,12911303,12016360,15821073,390774,85368,305406,14304789,15600393,458200,14304789,15821073,0,53000609,7148258,15760462,15821073,158137,15662936,25476009,12897549,12370757,13757131,0,15821073,487383,66281,421102,11264879,15756385,2016095,11264879,15821073,0,13757131,0,15821073,15820961,7750798,8045844,54933,47465,0
429.mcf-184B,linucb_no_suppress,0.10137,100000003,986473661,19482446,10362839,9119607,8330396,5210441,3119955,63437,262272,26475657,8031512,18444145,13014995,4681529,8333466,15412379,15412379,3489659,8770781,6848,12262084,0,218.02645,92.61607,17.6598,54.05157,0,0,0,0,0,0,0,0,0,0,0,0,0,0,0,0,0,0,0,0,0,0,0,0,0,0,0,0,0,0,0,0,0,0,0,0,0,0,0,0,43549415,13164500,15765909,15820987,79242,15741745,15412379,1631,1113,0,0,15820987,848366,116259,732107,14502434,15765398,1155815,14502434,15820987,16465540,15669291,0,0,0,0,0,0,0,0
433.milc-127B,nopref,0.41462,100000002,241183184,2477990,52077,2425913,1563398,3149,1560249,236760,628904,2477053,676886,1800167,1563398,0,1563398,0,0,0,0,0,0,0,209.13143,99.99864,0.00078,92.9359,0,0,0,0,0,0,0,0,0,0,0,0,0,0,0,0,0,0,0,0,0,0,0,0,0,0,0,0,0,0,0,0,0,0,0,0,0,0,0,0,0,0,0,0,0,0,0,0,0,0,0,0,0,0,0,0,0,0,0,0,0,0,0,0,0,0,0,0,0,0
433.milc-127B,spp,0.67751,100000002,147598422,4786012,2473018,2312994,1021402,550932,470470,236760,327681,3137769,1288614,1849155,1563398,332813,1230585,6749712,6749712,383818,47799,223764,431679,0,155.01472,99.99864,0.00078,91.41026,0,0,0,0,0,0,0,0,0,0,0,0,0,0,0,0,0,0,0,0,0,0,0,0,0,0,0,0,0,0,0,0,0,0,0,0,0,0,0,0,0,0,0,0,0,0,0,0,0,0,0,0,0,0,0,0,0,0,0,0,0,0,0,0,0,0,0,0,0,0
433.milc-127B,bingo,0.66897,100000002,149482874,2483093,45486,2437607,633063,5443,627620,236760,642000,3216582,1415557,1801025,1563398,738518,824880,1622231,1622231,963734,871,237732,964619,0,318.12949,99.99864,0.00078,92.24359,0,0,0,0,0,0,0,0,0,0,0,0,0,0,0,0,0,0,0,0,0,0,0,0,0,0,0,0,0,0,0,0,0,0,0,0,0,0,0,0,0,0,0,0,0,0,0,0,0,0,0,0,0,0,0,0,0,0,0,0,0,0,0,0,0,0,0,0,0,0
433.milc-127B,mlop,0.62974,100000002,158794814,6422453,828368,5594085,945480,489988,455492,236760,499178,3090444,1167470,1922974,1563398,493408,1069990,5637453,5637453,712749,253430,148510,966303,0,241.08685,99.99864,0.00078,90.05128,0,0,0,0,0,0,0,0,0,0,0,0,0,0,0,0,0,0,0,0,0,0,0,0,0,0,0,0,0,0,0,0,0,0,0,0,0,0,0,0,0,0,0,0,0,0,0,0,0,0,0,0,0,0,0,0,0,0,0,0,0,0,0,0,0,0,0,0,0,0
433.milc-127B,pythia,0.63065,100000002,158566964,2481496,52064,2429432,566493,73,566420,236760,628786,5353072,3549391,1803681,1563398,894554,668844,4475508,4475508,1156981,70985,141489,1227986,0,258.41407,99.99864,0.00078,89.84615,0,0,0,0,0,0,0,0,0,0,0,0,0,0,0,0,0,0,0,0,0,0,0,0,0,0,0,0,0,0,0,0,0,0,0,0,0,0,0,0,0,0,0,0,0,0,0,0,0,0,0,0,0,0,0,0,0,0,0,0,0,0,0,0,0,0,0,0,0,0
433.milc-127B,linucb,0.55502,100000002,180174536,2610866,53427,2557439,749193,1082,748111,236760,627568,3483081,1548663,1934418,1563398,739330,824068,1398743,1398743,985021,156389,76052,1141699,0,240.70883,99.99864,0.00078,92.79487,0,0,0,0,0,0,0,0,0,0,0,0,0,0,0,0,0,0,0,0,0,0,0,0,0,0,0,0,0,0,0,0,0,0,0,0,0,0,0,0,4711425,2357079,1759935,2069799,10309,2059490,1398743,617980,208680,2053170,0,2069799,1033203,891063,142140,343305,1759691,1036541,343305,2069799,0,2053170,0,0,0,0,0,0,0,0
433.milc-127B,tsetlin,0.55844,100000002,179070218,3655420,53095,3602325,856350,480,855870,236760,628025,4470633,1482913,2987720,1563398,491034,1072364,3458766,3458766,625855,1696177,230768,2323850,0,222.08926,99.99864,0.00078,90.4359,0,0,0,0,0,0,0,0,0,0,0,0,0,0,0,0,0,0,0,0,0,6284030,2081740,2031406,2069799,22639,2047160,3458766,1779118,1606778,2069799,879769,268117,611652,951996,2031021,888199,951996,2069799,0,0,0,0,0,0,0,0,0,0,0,0,0,0,0,0,0,0,0,0,0,0,0,0,0,0,0,0,0,0,0
433.milc-127B,meta_selector,0.59627,100000002,167708963,3414203,54237,3359966,654214,648,653566,236760,626781,5197562,2452468,2745094,1563398,781710,781688,3981528,3981528,1030578,1268230,130902,2300377,0,235.15034,99.99864,0.00078,92.26923,985843,948019,135937,47.62989,45.80247,6.56764,0.85538,1.63677,0.715,0.00012,0.18689,0.45672,2069799,9915,135937,845881,67021,1020960,108370,49,0.05,6263048,1588800,2034243,2069799,22651,2047148,3459445,1769247,1602129,2069799,874003,155523,718480,968023,2033665,882891,968023,2069799,0,5844505,2086662,1759997,2069799,20810,2048989,2500201,1164527,1335674,2047691,0,2069799,999856,681814,318042,360849,1758363,1004444,360849,2069799,0,2047691,0,2069799,2069689,2058108,11578,3005500,1751410,0
433.milc-127B,nopref_MTPS600,0.37482,100000002,266791292,2477990,52077,2425913,1563398,3149,1560249,236760,628904,2477053,676886,1800167,1563398,0,1563398,0,0,0,0,0,0,0,267.61655,99.99864,0.00078,94.46154,0,0,0,0,0,0,0,0,0,0,0,0,0,0,0,0,0,0,0,0,0,0,0,0,0,0,0,0,0,0,0,0,0,0,0,0,0,0,0,0,0,0,0,0,0,0,0,0,0,0,0,0,0,0,0,0,0,0,0,0,0,0,0,0,0,0,0,0,0,0
433.milc-127B,spp_MTPS600,0.52567,100000002,190234015,4349914,2038231,2311683,1021597,509803,511794,236759,331015,3124137,1267547,1856590,1563398,311183,1252215,6658367,6658367,362188,55063,245199,417312,0,284.79287,99.99864,0.00078,93.51282,0,0,0,0,0,0,0,0,0,0,0,0,0,0,0,0,0,0,0,0,0,0,0,0,0,0,0,0,0,0,0,0,0,0,0,0,0,0,0,0,0,0,0,0,0,0,0,0,0,0,0,0,0,0,0,0,0,0,0,0,0,0,0,0,0,0,0,0,0,0
433.milc-127B,bingo_MTPS600,0.49753,100000002,200991026,2482603,45034,2437569,634526,5527,628999,236760,642034,3159807,1358790,1801017,1563398,681666,881732,1619520,1619520,906882,865,293121,907759,0,758.26426,99.99864,0.00078,94.08974,0,0,0,0,0,0,0,0,0,0,0,0,0,0,0,0,0,0,0,0,0,0,0,0,0,0,0,0,0,0,0,0,0,0,0,0,0,0,0,0,0,0,0,0,0,0,0,0,0,0,0,0,0,0,0,0,0,0,0,0,0,0,0,0,0,0,0,0,0,0
433.milc-127B,mlop_MTPS600,0.29816,100000002,335386610,6223293,572026,5651267,938350,354491,583859,236760,563980,3044952,1122151,1922801,1563398,448045,1115353,5725058,5725058,667386,253261,201003,920770,0,662.33929,99.99864,0.00078,92.07692,0,0,0,0,0,0,0,0,0,0,0,0,0,0,0,0,0,0,0,0,0,0,0,0,0,0,0,0,0,0,0,0,0,0,0,0,0,0,0,0,0,0,0,0,0,0,0,0,0,0,0,0,0,0,0,0,0,0,0,0,0,0,0,0,0,0,0,0,0,0
433.milc-127B,pythia_MTPS600,0.5081,100000002,196812369,2523648,52088,2471560,559418,70,559348,236760,628837,5025604,3179588,1846016,1563398,804629,758769,4386592,4386592,1067056,112927,238489,1180149,0,417.3853,99.99864,0.00078,92.69231,0,0,0,0,0,0,0,0,0,0,0,0,0,0,0,0,0,0,0,0,0,0,0,0,0,0,0,0,0,0,0,0,0,0,0,0,0,0,0,0,0,0,0,0,0,0,0,0,0,0,0,0,0,0,0,0,0,0,0,0,0,0,0,0,0,0,0,0,0,0
433.milc-127B,linucb_MTPS600,0.46551,100000002,214816292,2646440,53227,2593213,790176,1194,788982,236760,627618,3403034,1432489,1970545,1563398,670877,892521,1331026,1331026,916568,191621,103522,1108714,0,353.49594,99.99864,0.00078,94.47436,0,0,0,0,0,0,0,0,0,0,0,0,0,0,0,0,0,0,0,0,0,0,0,0,0,0,0,0,0,0,0,0,0,0,0,0,0,0,0,0,4702949,2339683,1749681,2069799,10337,2059462,1331026,390874,126708,2052937,0,2069799,1005154,846334,158820,377722,1749441,1007739,377722,2069799,0,2052937,0,0,0,0,0,0,0,0
433.milc-127B,tsetlin_MTPS600,0.41468,100000002,241148065,3397587,53615,3343972,876169,623,875546,236760,627551,3925755,1199877,2725878,1563398,426121,1137277,2799709,2799709,560942,1438434,275862,2001132,0,366.66149,99.99864,0.00078,91.69231,0,0,0,0,0,0,0,0,0,0,0,0,0,0,0,0,0,0,0,0,0,5963149,2225578,2031731,2069799,22639,2047160,2799709,1046118,945559,2069799,886034,403994,482040,946116,2031274,894498,946116,2069799,0,0,0,0,0,0,0,0,0,0,0,0,0,0,0,0,0,0,0,0,0,0,0,0,0,0,0,0,0,0,0
433.milc-127B,meta_selector_MTPS600,0.45915,100000002,217792473,3141156,54127,3087029,677142,624,676518,236760,626841,4589718,2121753,2467965,1563398,711093,852305,3323130,3323130,959961,995651,178591,1956855,0,386.80498,99.99864,0.00078,90.80769,946747,977073,145979,45.74101,47.20618,7.05281,1.54022,1.06952,0.70228,2e-05,0.17691,0.45659,2069799,12969,145979,853576,66090,1004154,106681,9,0.05,5903366,1562339,2035138,2069799,22651,2047148,2766867,1023148,924816,2069799,866457,173203,693254,955412,2034536,874955,955412,2069799,0,5495207,2103111,1753259,2069799,21005,2048794,2074329,1152013,922316,2047339,0,2069799,1000395,686546,313849,358340,1751639,1005791,358340,2069799,0,2047339,0,2069799,2069689,2056634,13052,2995216,1746268,0
433.milc-127B,nopref_MTPS4800,0.4183,100000002,239063175,2477990,52077,2425913,1563398,3149,1560249,236760,628904,2477053,676886,1800167,1563398,0,1563398,0,0,0,0,0,0,0,201.91756,99.99864,0.00078,92.79487,0,0,0,0,0,0,0,0,0,0,0,0,0,0,0,0,0,0,0,0,0,0,0,0,0,0,0,0,0,0,0,0,0,0,0,0,0,0,0,0,0,0,0,0,0,0,0,0,0,0,0,0,0,0,0,0,0,0,0,0,0,0,0,0,0,0,0,0,0,0
433.milc-127B,spp_MTPS4800,0.69203,100000002,144502842,4859233,2547717,2311516,1017486,552383,465103,236759,327675,3150901,1298954,1851947,1563398,341043,1222355,6753946,6753946,392048,50525,219450,442635,0,142.98316,99.99864,0.00078,92.41026,0,0,0,0,0,0,0,0,0,0,0,0,0,0,0,0,0,0,0,0,0,0,0,0,0,0,0,0,0,0,0,0,0,0,0,0,0,0,0,0,0,0,0,0,0,0,0,0,0,0,0,0,0,0,0,0,0,0,0,0,0,0,0,0,0,0,0,0,0,0
433.milc-127B,bingo_MTPS4800,0.69589,100000002,143701744,2483147,45557,2437590,644714,5466,639248,236760,641986,3220119,1419079,1801040,1563398,742059,821339,1622230,1622230,967275,887,222540,968175,0,259.96865,99.99864,0.00078,92.42308,0,0,0,0,0,0,0,0,0,0,0,0,0,0,0,0,0,0,0,0,0,0,0,0,0,0,0,0,0,0,0,0,0,0,0,0,0,0,0,0,0,0,0,0,0,0,0,0,0,0,0,0,0,0,0,0,0,0,0,0,0,0,0,0,0,0,0,0,0,0
433.milc-127B,mlop_MTPS4800,0.66395,100000002,150613227,6428207,835967,5592240,944964,493456,451508,236760,496951,3093633,1170579,1923054,1563398,496513,1066885,5637335,5637335,715854,253514,145921,969492,0,208.52469,99.99864,0.00078,90.03846,0,0,0,0,0,0,0,0,0,0,0,0,0,0,0,0,0,0,0,0,0,0,0,0,0,0,0,0,0,0,0,0,0,0,0,0,0,0,0,0,0,0,0,0,0,0,0,0,0,0,0,0,0,0,0,0,0,0,0,0,0,0,0,0,0,0,0,0,0,0
433.milc-127B,pythia_MTPS4800,0.64133,100000002,155925341,2481493,52066,2429427,566507,74,566433,236760,628783,5365493,3561815,1803678,1563398,897066,666332,4475486,4475486,1159493,70982,138963,1230495,0,244.32111,99.99864,0.00078,91.02564,0,0,0,0,0,0,0,0,0,0,0,0,0,0,0,0,0,0,0,0,0,0,0,0,0,0,0,0,0,0,0,0,0,0,0,0,0,0,0,0,0,0,0,0,0,0,0,0,0,0,0,0,0,0,0,0,0,0,0,0,0,0,0,0,0,0,0,0,0,0
433.milc-127B,linucb_MTPS4800,0.559,100000002,178891001,2605229,53355,2551874,752451,1082,751369,236760,627574,3485241,1556422,1928819,1563398,740445,822953,1393936,1393936,986136,150724,71679,1137167,0,230.45307,99.99864,0.00078,92.05128,0,0,0,0,0,0,0,0,0,0,0,0,0,0,0,0,0,0,0,0,0,0,0,0,0,0,0,0,0,0,0,0,0,0,0,0,0,0,0,0,4718857,2365646,1745067,2069799,10351,2059448,1393936,608158,206777,2053195,0,2069799,1030952,887017,143935,338177,1744831,1034107,338177,2069799,0,2053195,0,0,0,0,0,0,0,0
433.milc-127B,tsetlin_MTPS4800,0.57138,100000002,175013610,3690950,52870,3638080,855463,489,854974,236760,628340,4523933,1498726,3025207,1563398,493952,1069446,3532498,3532498,628773,1731361,228737,2362210,0,207.77543,99.99864,0.00078,90.61538,0,0,0,0,0,0,0,0,0,0,0,0,0,0,0,0,0,0,0,0,0,6323695,2073081,2031334,2069799,22639,2047160,3532498,1853218,1679277,2069799,882199,259043,623156,948323,2031104,890823,948323,2069799,0,0,0,0,0,0,0,0,0,0,0,0,0,0,0,0,0,0,0,0,0,0,0,0,0,0,0,0,0,0,0
433.milc-127B,meta_selector_MTPS4800,0.61141,100000002,163556929,3415805,54356,3361449,637758,458,637300,236760,626746,5286287,2539873,2746414,1563398,805879,757519,4078108,4078108,1054747,1269959,123189,2326182,0,221.30258,99.99864,0.00078,89.9359,962112,971693,135994,46.48335,46.94625,6.5704,1.0164,1.08081,0.70369,0.0588,0.18104,0.45687,2069799,10716,135994,833178,67638,1032989,109641,53,0.05,6283240,1573459,2036677,2069799,22651,2047148,3530189,1853854,1676052,2069799,871122,159090,712032,964115,2036058,879427,964115,2069799,0,5888469,2125888,1757606,2069799,20651,2049148,2602774,1180295,1422479,2047935,0,2069799,1020527,697794,322733,352067,1755953,1025550,352067,2069799,0,2047935,0,2069799,2069689,2057929,11757,3004237,1750795,0
433.milc-127B,tsetlin_no_dyn_deg,0.5355,100000002,186740478,2984027,53083,2930944,974983,834,974149,236760,627680,3455888,1145606,2310282,1563398,432967,1130431,1555060,1555060,529403,735003,164694,1265290,0,226.55222,99.99864,0.00078,92.30769,0,0,0,0,0,0,0,0,0,0,0,0,0,0,0,0,0,0,0,0,0,4913799,2023793,2046149,2069799,22639,2047160,1555060,0,0,2069799,734853,528314,206539,735310,2045649,743855,735310,2069799,1488697,0,0,0,0,0,0,0,0,0,0,0,0,0,0,0,0,0,0,0,0,0,0,0,0,0,0,0,0,0,0
433.milc-127B,linucb_no_dyn_deg,0.56086,100000002,178298259,2568242,53344,2514898,741697,1646,740051,236760,627929,3342979,1451242,1891737,1563398,751451,811947,1219880,1219880,999447,122632,70426,1122196,0,246.90694,99.99864,0.00078,92.48718,0,0,0,0,0,0,0,0,0,0,0,0,0,0,0,0,0,0,0,0,0,0,0,0,0,0,0,0,0,0,0,0,0,0,0,0,0,0,0,0,4781009,2559153,1700665,2069799,10315,2059484,1219880,0,0,2053267,0,2069799,1067823,993341,74482,300122,1700436,1077012,300122,2069799,1765605,2053267,0,0,0,0,0,0,0,0
433.milc-127B,tsetlin_no_featurewise,0.57154,100000002,174965820,3316242,54414,3261828,749307,358,748949,236760,626670,4192934,1550362,2642572,1563398,536896,1026502,3314977,3314977,739568,1147094,315345,1888114,0,226.57692,99.99864,0.00078,89.38462,0,0,0,0,0,0,0,0,0,0,0,0,0,0,0,0,0,0,0,0,0,5795023,2142895,1974815,2069799,22639,2047160,3314977,1714735,1572851,2069799,1151015,381266,769749,559392,1974645,1173946,559392,0,0,0,0,0,0,0,0,0,0,0,0,0,0,0,0,0,0,0,0,0,0,0,0,0,0,0,0,0,0,0,0
433.milc-127B,linucb_no_featurewise,0.60279,100000002,165896623,2626751,53668,2573083,664249,1179,663070,236760,627495,3546982,1596498,1950484,1563398,855614,707784,1439258,1439258,1121529,181209,44744,1303055,0,249.54695,99.99864,0.00078,91.34615,0,0,0,0,0,0,0,0,0,0,0,0,0,0,0,0,0,0,0,0,0,0,0,0,0,0,0,0,0,0,0,0,0,0,0,0,0,0,0,0,5174507,2777844,1544984,2069799,10393,2059406,1439258,683536,162420,1990650,0,2069799,1089059,980446,108613,211199,1544813,1101670,211199,0,0,1990650,0,0,0,0,0,0,0,0
433.milc-127B,meta_selector_no_explore,0.59929,100000002,166864163,3402225,53997,3348228,642334,508,641826,236760,627101,5264975,2532059,2732916,1563398,793861,769537,4041235,4041235,1048183,1244772,130368,2294432,0,236.77428,99.99864,0.00078,92.55128,956704,976910,136185,46.22207,47.1983,6.57962,1.05869,0.98317,0.70074,5e-05,0.17963,0.45687,2069799,11352,136185,810135,0,1123479,112577,47,0,6254140,1582833,2036206,2069799,22653,2047146,3445760,1760367,1589444,2069799,885633,153101,732532,952214,2035900,894013,952214,2069799,0,5836762,2109030,1798045,2069799,20718,2049081,2725931,1200777,1525154,2047926,0,2069799,1043268,702033,341235,357084,1794266,1048547,357084,2069799,0,2047926,0,2069799,2069689,2057391,12295,3000398,1748864,0
433.milc-127B,linucb_no_suppress,0.56019,100000002,178509294,2569999,53300,2516699,744190,1627,742563,236760,627923,3343333,1449839,1893494,1563398,750649,812749,1220096,1220096,998289,125301,68853,1123710,0,246.86323,99.99864,0.00078,92.48718,0,0,0,0,0,0,0,0,0,0,0,0,0,0,0,0,0,0,0,0,0,0,0,0,0,0,0,0,0,0,0,0,0,0,0,0,0,0,0,0,4779799,2555600,1702547,2069799,10354,2059445,1220096,1486,1058,0,0,2069799,1065222,992095,73127,304229,1702321,1074334,304229,2069799,1767362,2053232,0,0,0,0,0,0,0,0
450.soplex-247B,nopref,0.27398,100000000,364986403,6130996,2995307,3135689,3634599,1448462,2186137,502568,446984,7650832,3320384,4330448,4504125,869490,3634635,0,0,0,0,0,0,0,168.28725,95.12361,8.43054,83.16614,0,0,0,0,0,0,0,0,0,0,0,0,0,0,0,0,0,0,0,0,0,0,0,0,0,0,0,0,0,0,0,0,0,0,0,0,0,0,0,0,0,0,0,0,0,0,0,0,0,0,0,0,0,0,0,0,0,0,0,0,0,0,0,0,0,0,0,0,0,0
450.soplex-247B,spp,0.32235,100000000,310218885,10356434,6529474,3826960,3125781,1479164,1646617,470363,413407,8305760,3954825,4350935,4503913,1295091,3208822,7860275,7860258,542793,23590,83139,566384,17,158.1325,95.12361,8.43054,83.57054,0,0,0,0,0,0,0,0,0,0,0,0,0,0,0,0,0,0,0,0,0,0,0,0,0,0,0,0,0,0,0,0,0,0,0,0,0,0,0,0,0,0,0,0,0,0,0,0,0,0,0,0,0,0,0,0,0,0,0,0,0,0,0,0,0,0,0,0,0,0
450.soplex-247B,bingo,0.35845,100000000,278978787,12949456,7343694,5605762,2775334,2021888,753446,495468,322858,9817275,5198180,4619095,4504110,1688754,2815356,10467253,10467253,988963,329279,40749,1318242,0,181.02556,95.12361,8.43054,82.1678,0,0,0,0,0,0,0,0,0,0,0,0,0,0,0,0,0,0,0,0,0,0,0,0,0,0,0,0,0,0,0,0,0,0,0,0,0,0,0,0,0,0,0,0,0,0,0,0,0,0,0,0,0,0,0,0,0,0,0,0,0,0,0,0,0,0,0,0,0,0
450.soplex-247B,mlop,0.32443,100000000,308237599,8916582,4095684,4820898,3019388,1780234,1239154,481425,459290,8475538,3857965,4617573,4503776,1403779,3099997,4342987,4342987,705185,321786,81201,1026971,0,160.28699,95.12361,8.43054,83.66236,0,0,0,0,0,0,0,0,0,0,0,0,0,0,0,0,0,0,0,0,0,0,0,0,0,0,0,0,0,0,0,0,0,0,0,0,0,0,0,0,0,0,0,0,0,0,0,0,0,0,0,0,0,0,0,0,0,0,0,0,0,0,0,0,0,0,0,0,0,0
450.soplex-247B,pythia,0.38322,100000000,260949002,8073503,4024703,4048800,1516600,790667,725933,513196,511041,19824884,13638426,6186458,4504341,2773498,1730843,17563965,17447246,2454419,1976349,216396,4430777,116719,191.77566,95.12361,8.43054,81.88547,0,0,0,0,0,0,0,0,0,0,0,0,0,0,0,0,0,0,0,0,0,0,0,0,0,0,0,0,0,0,0,0,0,0,0,0,0,0,0,0,0,0,0,0,0,0,0,0,0,0,0,0,0,0,0,0,0,0,0,0,0,0,0,0,0,0,0,0,0,0
450.soplex-247B,linucb,0.33368,100000000,299685095,7476827,3667915,3808912,2098603,917519,1181084,513859,567920,11290290,5684378,5605912,4504186,2137396,2366790,4965429,4965429,1716538,1351310,270395,3067852,0,171.99484,95.12361,8.43054,82.53219,0,0,0,0,0,0,0,0,0,0,0,0,0,0,0,0,0,0,0,0,0,0,0,0,0,0,0,0,0,0,0,0,0,0,0,0,0,0,0,0,13618213,5619625,5111948,5398420,27088,5371332,4965429,102747,99960,5360483,0,5398420,2310306,1484919,825387,2571617,5111909,2359038,2571617,5398420,0,5360483,0,0,0,0,0,0,0,0
450.soplex-247B,tsetlin,0.32918,100000000,303789428,7904205,3756608,4147597,2217470,1006073,1211397,513677,609690,12886661,6870619,6016042,4504104,2111183,2392921,7055307,7055239,1672578,1797551,176636,3470135,68,182.893,95.12361,8.43054,82.6447,0,0,0,0,0,0,0,0,0,0,0,0,0,0,0,0,0,0,0,0,0,13666981,3760079,5096536,5398339,55876,5342463,7055307,3620816,3243851,5398339,1895027,594596,1300431,2709865,5096507,1920145,2709865,5398339,0,0,0,0,0,0,0,0,0,0,0,0,0,0,0,0,0,0,0,0,0,0,0,0,0,0,0,0,0,0,0
450.soplex-247B,meta_selector,0.34688,100000000,288280707,8491145,4346290,4144855,1819030,858996,960034,516992,534771,15467299,8889065,6578234,4504289,2471643,2032646,10496088,10495131,2178158,2419401,214958,4597564,957,179.05648,95.12361,8.43054,82.00464,2611417,2573352,213756,48.37279,47.66769,3.95953,0.8665,0.58746,0.39425,0.11765,0.1387,0.94709,5398525,168449,213756,1657512,183803,3343454,352410,644,0.05,14790234,3604498,5096429,5398525,55880,5342645,7033865,3600414,3226420,5398525,1897276,578130,1319146,2697458,5096216,1924116,2697458,5398525,0,15144542,4056933,5154653,5398525,53676,5344849,10819911,4904530,5915330,5320504,0,5398525,2373742,564196,1809546,2549292,5133250,2434432,2549292,5398525,0,5320504,0,5398525,5392378,3546076,1845795,3417193,1725908,0
450.soplex-247B,nopref_MTPS600,0.23796,100000000,420244048,6130975,2995274,3135701,3634600,1448569,2186031,502633,447037,7650596,3320177,4330419,4504115,869513,3634602,0,0,0,0,0,0,0,259.67088,95.12361,8.43054,83.74788,0,0,0,0,0,0,0,0,0,0,0,0,0,0,0,0,0,0,0,0,0,0,0,0,0,0,0,0,0,0,0,0,0,0,0,0,0,0,0,0,0,0,0,0,0,0,0,0,0,0,0,0,0,0,0,0,0,0,0,0,0,0,0,0,0,0,0,0,0,0
450.soplex-247B,spp_MTPS600,0.25304,100000000,395190846,10170523,6389981,3780542,3127976,1452213,1675763,471977,384871,8296553,3945752,4350801,4503891,1285266,3218625,7846695,7846678,532911,23524,90776,556436,17,284.02733,95.12361,8.43054,84.04546,0,0,0,0,0,0,0,0,0,0,0,0,0,0,0,0,0,0,0,0,0,0,0,0,0,0,0,0,0,0,0,0,0,0,0,0,0,0,0,0,0,0,0,0,0,0,0,0,0,0,0,0,0,0,0,0,0,0,0,0,0,0,0,0,0,0,0,0,0,0
450.soplex-247B,bingo_MTPS600,0.21371,100000000,467915825,12919071,7329675,5589396,2772044,1981821,790223,494720,325634,9788048,5169783,4618265,4504114,1660763,2843351,10478633,10478633,959960,329354,72059,1289314,0,485.38012,95.12361,8.43054,82.60625,0,0,0,0,0,0,0,0,0,0,0,0,0,0,0,0,0,0,0,0,0,0,0,0,0,0,0,0,0,0,0,0,0,0,0,0,0,0,0,0,0,0,0,0,0,0,0,0,0,0,0,0,0,0,0,0,0,0,0,0,0,0,0,0,0,0,0,0,0,0
450.soplex-247B,mlop_MTPS600,0.22701,100000000,440500388,8867607,4054997,4812610,3009230,1764126,1245104,480702,469411,8478942,3857728,4621214,4503724,1403699,3100025,4335070,4335070,705357,325220,91378,1030577,0,329.99464,95.12361,8.43054,84.17309,0,0,0,0,0,0,0,0,0,0,0,0,0,0,0,0,0,0,0,0,0,0,0,0,0,0,0,0,0,0,0,0,0,0,0,0,0,0,0,0,0,0,0,0,0,0,0,0,0,0,0,0,0,0,0,0,0,0,0,0,0,0,0,0,0,0,0,0,0,0
450.soplex-247B,pythia_MTPS600,0.27354,100000000,365572268,8003666,3967186,4036480,1494534,768569,725965,511978,508770,19348140,13228707,6119433,4504351,2741970,1762381,17194596,17091250,2416907,1915746,270040,4332662,103346,408.0434,95.12361,8.43054,82.73235,0,0,0,0,0,0,0,0,0,0,0,0,0,0,0,0,0,0,0,0,0,0,0,0,0,0,0,0,0,0,0,0,0,0,0,0,0,0,0,0,0,0,0,0,0,0,0,0,0,0,0,0,0,0,0,0,0,0,0,0,0,0,0,0,0,0,0,0,0,0
450.soplex-247B,linucb_MTPS600,0.26313,100000000,380046172,7479234,3663693,3815541,2095978,920892,1175086,513393,573186,11255737,5647766,5607971,4504246,2114606,2389640,4942749,4942749,1693886,1353079,295911,3046969,0,302.88335,95.12361,8.43054,83.11717,0,0,0,0,0,0,0,0,0,0,0,0,0,0,0,0,0,0,0,0,0,0,0,0,0,0,0,0,0,0,0,0,0,0,0,0,0,0,0,0,13597229,5606366,5105858,5398480,27080,5371400,4942749,86676,83591,5360274,0,5398480,2305211,1467334,837877,2571687,5105818,2356017,2571687,5398480,0,5360274,0,0,0,0,0,0,0,0
450.soplex-247B,tsetlin_MTPS600,0.25343,100000000,394581459,7602080,3622329,3979751,2343410,1028264,1315146,514107,601764,11877202,6152054,5725148,4504134,1965885,2538249,5898270,5898199,1509852,1526129,196050,3035983,71,325.89701,95.12361,8.43054,83.37493,0,0,0,0,0,0,0,0,0,0,0,0,0,0,0,0,0,0,0,0,0,13215930,3985040,5099399,5398369,55876,5342493,5898270,2337912,2099647,5398369,1896789,747384,1149405,2691876,5099389,1922848,2691876,5398369,0,0,0,0,0,0,0,0,0,0,0,0,0,0,0,0,0,0,0,0,0,0,0,0,0,0,0,0,0,0,0
450.soplex-247B,meta_selector_MTPS600,0.2587,100000000,386541588,8234098,4248007,3986091,1927572,882227,1045345,515692,497968,14431689,8101621,6330068,4504279,2331371,2172908,9353222,9352265,2024095,2186922,246711,4211019,957,326.4477,95.12361,8.43054,82.87937,2687219,2494396,216900,49.777,46.20522,4.01777,0.91188,0.58181,0.42668,0.11765,0.13293,0.94709,5398515,173241,216900,1670572,183008,3328035,350832,422,0.05,14399870,3747989,5096501,5398515,55880,5342635,5863542,2281479,2057005,5398515,1897166,663945,1233221,2699342,5096269,1923478,2699342,5398515,0,14754881,4103974,5139289,5398515,54046,5344469,10199644,4570409,5313523,5319028,0,5398515,2365876,585635,1780241,2536978,5117559,2427378,2536978,5398515,0,5319028,0,5398515,5392375,3542252,1849619,3404274,1719325,0
450.soplex-247B,nopref_MTPS4800,0.27785,100000000,359912311,6131050,2995566,3135484,3634628,1448590,2186038,502458,446988,7650882,3320413,4330469,4504138,869482,3634656,0,0,0,0,0,0,0,158.82024,95.12361,8.43054,83.10905,0,0,0,0,0,0,0,0,0,0,0,0,0,0,0,0,0,0,0,0,0,0,0,0,0,0,0,0,0,0,0,0,0,0,0,0,0,0,0,0,0,0,0,0,0,0,0,0,0,0,0,0,0,0,0,0,0,0,0,0,0,0,0,0,0,0,0,0,0,0
450.soplex-247B,spp_MTPS4800,0.32968,100000000,303324936,10391885,6565336,3826549,3126858,1484803,1642055,470376,411326,8306975,3956036,4350939,4503909,1295604,3208305,7898209,7898192,543290,23626,81555,566917,17,146.68756,95.12361,8.43054,83.50633,0,0,0,0,0,0,0,0,0,0,0,0,0,0,0,0,0,0,0,0,0,0,0,0,0,0,0,0,0,0,0,0,0,0,0,0,0,0,0,0,0,0,0,0,0,0,0,0,0,0,0,0,0,0,0,0,0,0,0,0,0,0,0,0,0,0,0,0,0,0
450.soplex-247B,bingo_MTPS4800,0.38002,100000000,263144728,12948512,7335508,5613004,2776972,2029111,747861,495347,321624,9821339,5201215,4620124,4504129,1694106,2810023,10455806,10455806,994857,329682,33777,1324539,0,149.06202,95.12361,8.43054,82.06955,0,0,0,0,0,0,0,0,0,0,0,0,0,0,0,0,0,0,0,0,0,0,0,0,0,0,0,0,0,0,0,0,0,0,0,0,0,0,0,0,0,0,0,0,0,0,0,0,0,0,0,0,0,0,0,0,0,0,0,0,0,0,0,0,0,0,0,0,0,0
450.soplex-247B,mlop_MTPS4800,0.33572,100000000,297870533,8932630,4097748,4834882,3011620,1777328,1234292,480477,470405,8494856,3870204,4624652,4503853,1415975,3087878,4362995,4362995,717822,328340,76854,1046162,0,144.62967,95.12361,8.43054,83.55024,0,0,0,0,0,0,0,0,0,0,0,0,0,0,0,0,0,0,0,0,0,0,0,0,0,0,0,0,0,0,0,0,0,0,0,0,0,0,0,0,0,0,0,0,0,0,0,0,0,0,0,0,0,0,0,0,0,0,0,0,0,0,0,0,0,0,0,0,0,0
450.soplex-247B,pythia_MTPS4800,0.39552,100000000,252832383,8135422,4074745,4060677,1541544,817105,724439,513064,512191,20068320,13822408,6245912,4504294,2759450,1744844,17969888,17824975,2445056,2030288,205435,4475353,144913,172.34344,95.12361,8.43054,81.65056,0,0,0,0,0,0,0,0,0,0,0,0,0,0,0,0,0,0,0,0,0,0,0,0,0,0,0,0,0,0,0,0,0,0,0,0,0,0,0,0,0,0,0,0,0,0,0,0,0,0,0,0,0,0,0,0,0,0,0,0,0,0,0,0,0,0,0,0,0,0
450.soplex-247B,linucb_MTPS4800,0.34104,100000000,293216489,7475119,3685783,3789336,2133435,919480,1213955,513389,549738,11290787,5686647,5604140,4504202,2139047,2365155,4961732,4961732,1718010,1349752,233935,3067771,0,159.41901,95.12361,8.43054,82.42977,0,0,0,0,0,0,0,0,0,0,0,0,0,0,0,0,0,0,0,0,0,0,0,0,0,0,0,0,0,0,0,0,0,0,0,0,0,0,0,0,13620199,5626933,5109909,5398436,27142,5371294,4961732,98914,96267,5360504,0,5398436,2311408,1490637,820771,2570292,5109824,2361041,2570292,5398436,0,5360504,0,0,0,0,0,0,0,0
450.soplex-247B,tsetlin_MTPS4800,0.33906,100000000,294932741,7930837,3765356,4165481,2201385,1002416,1198969,514302,601520,13005654,6963261,6042393,4504105,2141865,2362240,7199968,7199900,1702709,1824546,162049,3527257,68,168.79697,95.12361,8.43054,82.53921,0,0,0,0,0,0,0,0,0,0,0,0,0,0,0,0,0,0,0,0,0,13713617,3724646,5095571,5398340,55876,5342464,7199968,3800579,3395009,5398340,1893862,578980,1314882,2700753,5095559,1919376,2700753,5398340,0,0,0,0,0,0,0,0,0,0,0,0,0,0,0,0,0,0,0,0,0,0,0,0,0,0,0,0,0,0,0
450.soplex-247B,meta_selector_MTPS4800,0.35744,100000000,279769545,8511837,4354018,4157819,1824513,868419,956094,515149,539276,15562675,8963913,6598762,4504235,2478920,2025315,10612475,10611436,2185050,2440478,202154,4625537,1039,163.64493,95.12361,8.43054,81.87899,2616722,2565412,216337,48.47154,47.52108,4.00738,0.88842,0.84122,0.29616,0.11765,0.13457,0.94709,5398471,169350,216337,1663047,183416,3335671,351594,674,0.05,14827292,3584626,5096487,5398471,55879,5342592,7227081,3811815,3411133,5398471,1897915,567747,1330168,2712473,5096262,1924366,2712473,5398471,0,15150478,4017736,5157274,5398471,53934,5344537,10785538,4885273,5900265,5320212,0,5398471,2345470,561018,1784452,2562909,5135792,2406744,2562909,5398471,0,5320212,0,5398471,5392325,3546582,1845234,3419647,1727166,0
450.soplex-247B,tsetlin_no_dyn_deg,0.30785,100000000,324828764,7091891,3391205,3700686,2685483,1098256,1587227,510408,531303,10163681,4923148,5240533,4504122,1689927,2814195,3307455,3307455,1105564,960620,129940,2066185,0,176.84213,95.12361,8.43054,83.04449,0,0,0,0,0,0,0,0,0,0,0,0,0,0,0,0,0,0,0,0,0,11603280,3684023,5136093,5398356,55881,5342475,3307455,0,0,5398356,1460380,989045,471335,2366659,5136083,1493320,2366659,5398356,3864410,0,0,0,0,0,0,0,0,0,0,0,0,0,0,0,0,0,0,0,0,0,0,0,0,0,0,0,0,0,0
450.soplex-247B,linucb_no_dyn_deg,0.35238,100000000,283783612,7560648,3656472,3904176,1872253,864698,1007555,507727,608964,11396713,5710476,5686237,4504193,2348419,2155774,4948890,4948890,1968895,1442616,284407,3411514,0,175.21592,95.12361,8.43054,82.39828,0,0,0,0,0,0,0,0,0,0,0,0,0,0,0,0,0,0,0,0,0,0,0,0,0,0,0,0,0,0,0,0,0,0,0,0,0,0,0,0,13994964,6116654,5162308,5398434,26962,5371472,4948890,0,0,5368683,0,5398434,2469014,1775874,693140,2490010,5162278,2489698,2490010,5398434,5726579,5368683,0,0,0,0,0,0,0,0
450.soplex-247B,tsetlin_no_featurewise,0.32682,100000000,305976666,7661338,3654080,4007258,2315388,1030502,1284886,510762,558720,12168236,6384140,5784096,4504082,2030523,2473559,6078350,6078341,1557504,1547712,159455,3105218,9,179.97689,95.12361,8.43054,82.89661,0,0,0,0,0,0,0,0,0,0,0,0,0,0,0,0,0,0,0,0,0,12914313,3694155,4808979,5398315,55876,5342439,6078350,3210229,2748270,5398315,1699526,609491,1090035,2243765,4808964,1751507,2243765,0,0,0,0,0,0,0,0,0,0,0,0,0,0,0,0,0,0,0,0,0,0,0,0,0,0,0,0,0,0,0,0
450.soplex-247B,linucb_no_featurewise,0.34121,100000000,293073531,7498447,3727280,3771167,2103242,964021,1139221,511180,508935,11198183,5571539,5626644,4504211,2214358,2289853,4610071,4610071,1788921,1368162,187954,3157092,0,174.72468,95.12361,8.43054,82.88072,0,0,0,0,0,0,0,0,0,0,0,0,0,0,0,0,0,0,0,0,0,0,0,0,0,0,0,0,0,0,0,0,0,0,0,0,0,0,0,0,13644643,5844060,4809662,5398451,26773,5371678,4610071,129396,109760,5354897,0,5398451,2183291,1512530,670761,2325023,4809626,2194744,2325023,0,0,5354897,0,0,0,0,0,0,0,0
450.soplex-247B,meta_selector_no_explore,0.34701,100000000,288176988,8495494,4337841,4157653,1805171,848336,956835,516252,541720,15463182,8880350,6582832,4504279,2469992,2034287,10571560,10570479,2182550,2424089,230495,4606645,1081,177.96382,95.12361,8.43054,82.02938,2658534,2538689,201298,49.2456,47.02564,3.72876,0.97937,0.60556,0.47885,0.11765,0.13463,0.94709,5398521,163960,201298,1635863,0,3561360,355333,552,0,14792896,3632418,5102462,5398521,55883,5342638,7028535,3598261,3223429,5398521,1892569,594011,1298558,2697466,5102343,1919351,2697466,5398521,0,15207218,4060684,5149946,5398521,54227,5344294,11094736,4953450,6141259,5303099,0,5398521,2420713,530677,1890036,2535480,5109449,2484377,2535480,5398521,0,5303099,0,5398521,5392375,3546192,1845675,3416307,1725440,0
450.soplex-247B,linucb_no_suppress,0.35216,100000000,283964926,7560642,3694028,3866614,1872093,864409,1007684,508465,570254,11397281,5711076,5686205,4504190,2348753,2155437,4950206,4950206,1969432,1442997,284240,3412432,0,175.80524,95.12361,8.43054,82.39896,0,0,0,0,0,0,0,0,0,0,0,0,0,0,0,0,0,0,0,0,0,0,0,0,0,0,0,0,0,0,0,0,0,0,0,0,0,0,0,0,13996181,6117348,5162673,5398429,27129,5371300,4950206,992,642,0,0,5398429,2469507,1776511,692996,2490504,5162644,2490161,2490504,5398429,5726635,5368785,0,0,0,0,0,0,0,0
462.libquantum-1343B,nopref,0.34586,100000000,289137781,3531181,53714,3477467,2527504,11902,2515602,12,961853,3531541,1004018,2527523,2527504,0,2527504,0,0,0,0,0,0,0,173.65448,96.19723,6.89165,60.52471,0,0,0,0,0,0,0,0,0,0,0,0,0,0,0,0,0,0,0,0,0,0,0,0,0,0,0,0,0,0,0,0,0,0,0,0,0,0,0,0,0,0,0,0,0,0,0,0,0,0,0,0,0,0,0,0,0,0,0,0,0,0,0,0,0,0,0,0,0,0
462.libquantum-1343B,spp,0.62496,100000000,160009628,10284687,7756005,2528682,991038,786148,204890,19,1102,4343161,1815633,2527528,2527504,811217,1716287,21467320,21467320,1142309,7,725249,1142316,0,68.38672,96.19723,6.89165,60.39577,0,0,0,0,0,0,0,0,0,0,0,0,0,0,0,0,0,0,0,0,0,0,0,0,0,0,0,0,0,0,0,0,0,0,0,0,0,0,0,0,0,0,0,0,0,0,0,0,0,0,0,0,0,0,0,0,0,0,0,0,0,0,0,0,0,0,0,0,0,0
462.libquantum-1343B,bingo,0.71934,100000000,139015669,3531199,22100,3509099,125287,797,124490,12,993333,5802006,3274465,2527541,2527504,2270447,257057,2874666,2874666,2704428,63,131770,2704495,0,371.88061,96.19723,6.89165,60.35836,0,0,0,0,0,0,0,0,0,0,0,0,0,0,0,0,0,0,0,0,0,0,0,0,0,0,0,0,0,0,0,0,0,0,0,0,0,0,0,0,0,0,0,0,0,0,0,0,0,0,0,0,0,0,0,0,0,0,0,0,0,0,0,0,0,0,0,0,0,0
462.libquantum-1343B,mlop,0.72676,100000000,137597215,3531420,15790,3515630,71516,502,71014,12,999861,5822868,3295106,2527762,2527504,2291088,236416,2933156,2933156,2735487,371,164901,2735862,0,261.99671,96.19723,6.89165,60.35166,0,0,0,0,0,0,0,0,0,0,0,0,0,0,0,0,0,0,0,0,0,0,0,0,0,0,0,0,0,0,0,0,0,0,0,0,0,0,0,0,0,0,0,0,0,0,0,0,0,0,0,0,0,0,0,0,0,0,0,0,0,0,0,0,0,0,0,0,0,0
462.libquantum-1343B,pythia,0.64713,100000000,154528403,3531200,53700,3477500,88782,539,88243,12,961857,8119789,5592247,2527542,2527504,1681833,845671,15321138,15321138,2126699,37,756890,2126736,0,186.95548,96.19723,6.89165,60.3623,0,0,0,0,0,0,0,0,0,0,0,0,0,0,0,0,0,0,0,0,0,0,0,0,0,0,0,0,0,0,0,0,0,0,0,0,0,0,0,0,0,0,0,0,0,0,0,0,0,0,0,0,0,0,0,0,0,0,0,0,0,0,0,0,0,0,0,0,0,0
462.libquantum-1343B,linucb,0.61751,100000000,161939907,3531251,53700,3477551,99910,756,99154,12,961850,7458738,4931146,2527592,2527504,1567921,959583,11150008,11150008,1880044,120,859674,1880166,0,193.15141,96.19723,6.89165,60.35793,0,0,0,0,0,0,0,0,0,0,0,0,0,0,0,0,0,0,0,0,0,0,0,0,0,0,0,0,0,0,0,0,0,0,0,0,0,0,0,0,7733347,3507746,2836197,2979481,14803,2964678,11150008,2653209,8419592,2963636,0,2979481,2725470,638955,2086515,15821,2836184,2764497,15821,2979481,0,2963636,0,0,0,0,0,0,0,0
462.libquantum-1343B,tsetlin,0.50809,100000000,196813832,3531224,53698,3477526,126135,534,125601,12,961854,4864039,2336473,2527566,2527504,958879,1568625,5731646,5731646,1402576,72,1442491,1402648,0,167.93053,96.19723,6.89165,60.35806,0,0,0,0,0,0,0,0,0,0,0,0,0,0,0,0,0,0,0,0,0,7302437,3561997,2963466,2979481,31629,2947852,5731646,2882962,2827353,2979481,2898348,647609,2250739,10963,2963455,2938494,10963,2979481,0,0,0,0,0,0,0,0,0,0,0,0,0,0,0,0,0,0,0,0,0,0,0,0,0,0,0,0,0,0,0
462.libquantum-1343B,meta_selector,0.58892,100000000,169802386,3531238,53696,3477542,112490,591,111899,12,961847,6673297,4145717,2527580,2527504,1420124,1107380,8710507,8710507,1812453,124,994891,1812579,0,180.32416,96.19723,6.89165,60.36085,1974923,954720,49838,66.28413,32.04316,1.67271,0.76685,1.71428,1,0.11765,0.99985,1,2979481,0,49838,260732,147039,2521872,266546,125,0.05,7712262,3444320,2963507,2979481,31629,2947852,5585331,2734136,2681103,2979481,2898116,530210,2367906,10982,2963312,2938254,10982,2979481,0,7648357,3457876,2817510,2979481,30002,2949479,14446305,2694326,11751979,2948225,0,2979481,2685464,610422,2075042,20745,2816292,2724858,20745,2979481,0,2948225,0,2979481,2979445,2979203,230,5910397,2978475,0
462.libquantum-1343B,nopref_MTPS600,0.29496,100000000,339028554,3531181,53714,3477467,2527504,11902,2515602,12,961853,3531541,1004018,2527523,2527504,0,2527504,0,0,0,0,0,0,0,238.05898,96.19723,6.89165,60.52503,0,0,0,0,0,0,0,0,0,0,0,0,0,0,0,0,0,0,0,0,0,0,0,0,0,0,0,0,0,0,0,0,0,0,0,0,0,0,0,0,0,0,0,0,0,0,0,0,0,0,0,0,0,0,0,0,0,0,0,0,0,0,0,0,0,0,0,0,0,0
462.libquantum-1343B,spp_MTPS600,0.42506,100000000,235263087,7055030,4469870,2585160,984325,568748,415577,19,57584,4174416,1646888,2527528,2527504,642474,1885030,21473931,21473931,973566,7,900705,973573,0,158.48175,96.19723,6.89165,60.39797,0,0,0,0,0,0,0,0,0,0,0,0,0,0,0,0,0,0,0,0,0,0,0,0,0,0,0,0,0,0,0,0,0,0,0,0,0,0,0,0,0,0,0,0,0,0,0,0,0,0,0,0,0,0,0,0,0,0,0,0,0,0,0,0,0,0,0,0,0,0
462.libquantum-1343B,bingo_MTPS600,0.44242,100000000,226029306,3531195,22148,3509047,124146,796,123350,12,993285,4813059,2285522,2527537,2527504,1281504,1246000,2874666,2874666,1715485,63,1121854,1715548,0,823.46253,96.19723,6.89165,60.35896,0,0,0,0,0,0,0,0,0,0,0,0,0,0,0,0,0,0,0,0,0,0,0,0,0,0,0,0,0,0,0,0,0,0,0,0,0,0,0,0,0,0,0,0,0,0,0,0,0,0,0,0,0,0,0,0,0,0,0,0,0,0,0,0,0,0,0,0,0,0
462.libquantum-1343B,mlop_MTPS600,0.44607,100000000,224179517,3531426,15792,3515634,70270,503,69767,12,999860,4885577,2357809,2527768,2527504,1353791,1173713,2933165,2933165,1798190,381,1103444,1798571,0,618.92593,96.19723,6.89165,60.35825,0,0,0,0,0,0,0,0,0,0,0,0,0,0,0,0,0,0,0,0,0,0,0,0,0,0,0,0,0,0,0,0,0,0,0,0,0,0,0,0,0,0,0,0,0,0,0,0,0,0,0,0,0,0,0,0,0,0,0,0,0,0,0,0,0,0,0,0,0,0
462.libquantum-1343B,pythia_MTPS600,0.42455,100000000,235543507,3531200,53699,3477501,87244,535,86709,12,961858,5952219,3424677,2527542,2527504,1064125,1463379,15321138,15321138,1508991,37,1376136,1509028,0,313.92695,96.19723,6.89165,60.36747,0,0,0,0,0,0,0,0,0,0,0,0,0,0,0,0,0,0,0,0,0,0,0,0,0,0,0,0,0,0,0,0,0,0,0,0,0,0,0,0,0,0,0,0,0,0,0,0,0,0,0,0,0,0,0,0,0,0,0,0,0,0,0,0,0,0,0,0,0,0
462.libquantum-1343B,linucb_MTPS600,0.39593,100000000,252568146,3531221,53698,3477523,175160,1660,173500,12,961849,5363821,2836258,2527563,2527504,1006350,1521154,8605163,8605163,1318473,93,1345995,1318566,0,310.4007,96.19723,6.89165,60.39504,0,0,0,0,0,0,0,0,0,0,0,0,0,0,0,0,0,0,0,0,0,0,0,0,0,0,0,0,0,0,0,0,0,0,0,0,0,0,0,0,7167331,3596364,2826400,2979481,14803,2964678,8605163,2415139,5888960,2963445,0,2979481,2710775,732478,1978297,14856,2826387,2750963,14856,2979481,0,2963445,0,0,0,0,0,0,0,0
462.libquantum-1343B,tsetlin_MTPS600,0.33636,100000000,297300192,3531215,53703,3477512,414788,2185,412603,12,961850,4370881,1843324,2527557,2527504,702407,1825097,4392712,4392712,1146104,63,1410310,1146167,0,278.22342,96.19723,6.89165,60.3772,0,0,0,0,0,0,0,0,0,0,0,0,0,0,0,0,0,0,0,0,0,7045956,3530400,2963466,2979481,31629,2947852,4392712,1517116,1488419,2979481,2898348,616008,2282340,10963,2963455,2938494,10963,2979481,0,0,0,0,0,0,0,0,0,0,0,0,0,0,0,0,0,0,0,0,0,0,0,0,0,0,0,0,0,0,0
462.libquantum-1343B,meta_selector_MTPS600,0.36241,100000000,275933438,3531211,53698,3477513,274421,1555,272866,12,961851,4900286,2372733,2527553,2527504,859886,1667618,6257711,6257711,1252215,99,1393198,1252314,0,308.6539,96.19723,6.89165,60.37989,2274368,655290,49823,76.33437,21.99343,1.6722,1.13493,2.22675,1,0.11765,0.99985,1,2979481,0,49823,258074,147182,2524402,266802,58,0.05,7151997,3502067,2963507,2979481,31629,2947852,4373187,1499825,1468959,2979481,2898116,587951,2310165,10982,2963312,2938254,10982,2979481,0,7089277,3514072,2819013,2979481,30002,2949479,12236207,2697014,9539193,2947787,0,2979481,2687914,665675,2022239,20589,2817795,2727368,20589,2979481,0,2947787,0,2979481,2979445,2979203,230,5910397,2978475,0
462.libquantum-1343B,nopref_MTPS4800,0.35113,100000000,284790824,3531181,53714,3477467,2527504,11902,2515602,12,961853,3531541,1004018,2527523,2527504,0,2527504,0,0,0,0,0,0,0,164.70309,96.19723,6.89165,60.52471,0,0,0,0,0,0,0,0,0,0,0,0,0,0,0,0,0,0,0,0,0,0,0,0,0,0,0,0,0,0,0,0,0,0,0,0,0,0,0,0,0,0,0,0,0,0,0,0,0,0,0,0,0,0,0,0,0,0,0,0,0,0,0,0,0,0,0,0,0,0
462.libquantum-1343B,spp_MTPS4800,0.66117,100000000,151248122,10693439,8164416,2529023,1006103,824686,181417,19,1443,4354921,1827393,2527528,2527504,822974,1704530,21467539,21467539,1154066,7,698427,1154073,0,53.20076,96.19723,6.89165,60.39574,0,0,0,0,0,0,0,0,0,0,0,0,0,0,0,0,0,0,0,0,0,0,0,0,0,0,0,0,0,0,0,0,0,0,0,0,0,0,0,0,0,0,0,0,0,0,0,0,0,0,0,0,0,0,0,0,0,0,0,0,0,0,0,0,0,0,0,0,0,0
462.libquantum-1343B,bingo_MTPS4800,0.78586,100000000,127249756,3531199,22106,3509093,125231,797,124434,12,993327,5842589,3315048,2527541,2527504,2311030,216474,2874666,2874666,2745011,63,91243,2745078,0,235.85617,96.19723,6.89165,60.3583,0,0,0,0,0,0,0,0,0,0,0,0,0,0,0,0,0,0,0,0,0,0,0,0,0,0,0,0,0,0,0,0,0,0,0,0,0,0,0,0,0,0,0,0,0,0,0,0,0,0,0,0,0,0,0,0,0,0,0,0,0,0,0,0,0,0,0,0,0,0
462.libquantum-1343B,mlop_MTPS4800,0.77793,100000000,128546112,3531424,15792,3515632,71515,502,71013,12,999860,5826608,3298842,2527766,2527504,2294824,232680,2933160,2933160,2739223,375,161166,2739602,0,207.36889,96.19723,6.89165,60.35157,0,0,0,0,0,0,0,0,0,0,0,0,0,0,0,0,0,0,0,0,0,0,0,0,0,0,0,0,0,0,0,0,0,0,0,0,0,0,0,0,0,0,0,0,0,0,0,0,0,0,0,0,0,0,0,0,0,0,0,0,0,0,0,0,0,0,0,0,0,0
462.libquantum-1343B,pythia_MTPS4800,0.68479,100000000,146030120,3531201,53700,3477501,88703,540,88163,12,961857,8623259,6095716,2527543,2527504,1813726,713778,15321138,15321138,2258592,37,625076,2258630,0,167.02725,96.19723,6.89165,60.36145,0,0,0,0,0,0,0,0,0,0,0,0,0,0,0,0,0,0,0,0,0,0,0,0,0,0,0,0,0,0,0,0,0,0,0,0,0,0,0,0,0,0,0,0,0,0,0,0,0,0,0,0,0,0,0,0,0,0,0,0,0,0,0,0,0,0,0,0,0,0
462.libquantum-1343B,linucb_MTPS4800,0.6589,100000000,151768903,3531248,53700,3477548,96423,755,95668,12,961850,7831047,5303457,2527590,2527504,1678556,848948,11513850,11513850,1990679,120,752526,1990799,0,172.58072,96.19723,6.89165,60.3573,0,0,0,0,0,0,0,0,0,0,0,0,0,0,0,0,0,0,0,0,0,0,0,0,0,0,0,0,0,0,0,0,0,0,0,0,0,0,0,0,7844531,3494962,2837384,2979481,14803,2964678,11513850,2658824,8781696,2963877,0,2979481,2727913,624916,2102997,15415,2837371,2766716,15415,2979481,0,2963877,0,0,0,0,0,0,0,0
462.libquantum-1343B,tsetlin_MTPS4800,0.52675,100000000,189842109,3531224,53698,3477526,137958,534,137424,12,961854,4998006,2470440,2527566,2527504,1058096,1469408,5751850,5751850,1501793,72,1331451,1501865,0,160.90577,96.19723,6.89165,60.3581,0,0,0,0,0,0,0,0,0,0,0,0,0,0,0,0,0,0,0,0,0,7401654,3630111,2963466,2979481,31629,2947852,5751850,2904293,2847557,2979481,2898348,715723,2182625,10963,2963455,2938494,10963,2979481,0,0,0,0,0,0,0,0,0,0,0,0,0,0,0,0,0,0,0,0,0,0,0,0,0,0,0,0,0,0,0
462.libquantum-1343B,meta_selector_MTPS4800,0.62206,100000000,160755223,3531241,53710,3477531,106070,585,105485,12,961840,7012132,4484549,2527583,2527504,1541157,986347,8991743,8991743,1933486,125,880278,1933615,0,161.25577,96.19723,6.89165,60.35892,1962080,967561,49840,65.85308,32.47414,1.67277,2.07961,1.10872,1,0.11765,0.99985,1,2979481,0,49840,256842,147252,2525547,266931,130,0.05,7833298,3461063,2963507,2979481,31629,2947852,5751588,2904178,2847360,2979481,2898116,546953,2351163,10982,2963312,2938254,10982,2979481,0,7770312,3465873,2820477,2979481,30002,2949479,14781206,2698212,12082994,2948391,0,2979481,2689944,616908,2073036,20289,2819259,2729266,20289,2979481,0,2948391,0,2979481,2979445,2979203,230,5910397,2978475,0
462.libquantum-1343B,tsetlin_no_dyn_deg,0.43475,100000000,230016758,3531204,53702,3477502,587442,2955,584487,12,961856,4208980,1681434,2527546,2527504,673146,1854358,2903514,2903514,1110316,36,1266917,1110353,0,156.06768,96.19723,6.89165,60.38212,0,0,0,0,0,0,0,0,0,0,0,0,0,0,0,0,0,0,0,0,0,7009443,4023866,2963386,2979481,31629,2947852,2903514,0,0,2979481,2897418,1110316,1787102,11206,2963375,2937573,11206,2979481,2996385,0,0,0,0,0,0,0,0,0,0,0,0,0,0,0,0,0,0,0,0,0,0,0,0,0,0,0,0,0,0
462.libquantum-1343B,linucb_no_dyn_deg,0.43188,100000000,231545108,3531196,53697,3477499,637396,3429,633967,12,961865,4233972,1706434,2527538,2527504,700080,1827424,2685802,2685802,1004225,40,1190028,1004265,0,157.34209,96.19723,6.89165,60.38736,0,0,0,0,0,0,0,0,0,0,0,0,0,0,0,0,0,0,0,0,0,0,0,0,0,0,0,0,0,0,0,0,0,0,0,0,0,0,0,0,6823461,3839499,2825568,2979481,14803,2964678,2685802,0,0,2964111,0,2979481,2681321,1004225,1677096,23225,2825555,2722456,23225,2979481,4165150,2964111,0,0,0,0,0,0,0,0
462.libquantum-1343B,tsetlin_no_featurewise,0.50679,100000000,197322141,3531223,53683,3477540,151794,614,151180,12,961869,4873897,2346332,2527565,2527504,953183,1574321,5675084,5675084,1393021,71,1422528,1393092,0,166.5617,96.19723,6.89165,60.36016,0,0,0,0,0,0,0,0,0,0,0,0,0,0,0,0,0,0,0,0,0,7294194,3559551,2932224,2979481,31629,2947852,5675084,2859502,2800720,2979481,2865177,647094,2218083,10434,2932215,2909663,10434,0,0,0,0,0,0,0,0,0,0,0,0,0,0,0,0,0,0,0,0,0,0,0,0,0,0,0,0,0,0,0,0
462.libquantum-1343B,linucb_no_featurewise,0.61908,100000000,161529468,3531272,53698,3477574,295949,1203,294746,12,961858,8049404,5521790,2527614,2527504,1749087,778417,11018323,11018323,2137744,123,482468,2137867,0,197.78127,96.19723,6.89165,60.35981,0,0,0,0,0,0,0,0,0,0,0,0,0,0,0,0,0,0,0,0,0,0,0,0,0,0,0,0,0,0,0,0,0,0,0,0,0,0,0,0,8035338,3653185,2632834,2979481,14803,2964678,11018323,2434555,8446980,2963122,0,2979481,2566975,739532,1827443,5351,2632821,2611010,5351,0,0,2963122,0,0,0,0,0,0,0,0
462.libquantum-1343B,meta_selector_no_explore,0.58634,100000000,170549814,3531239,53692,3477547,115874,603,115271,12,961850,6677622,4150041,2527581,2527504,1409563,1117941,8817311,8817311,1801127,120,1002068,1801247,0,180.04723,96.19723,6.89165,60.36075,1938149,991557,49775,65.04989,33.27952,1.67059,0.84499,2.10245,1,0.11765,0.99985,1,2979481,0,49775,260616,0,2669090,266426,104,0,7700999,3448961,2963488,2979481,31629,2947852,5590289,2739224,2686011,2979481,2898257,534689,2363568,10999,2963417,2938398,10999,2979481,0,7641711,3467263,2813016,2979481,30002,2949479,14419558,2694518,11725040,2948194,0,2979481,2683566,617217,2066349,20518,2810048,2723388,20518,2979481,0,2948194,0,2979481,2979445,2979203,230,5910397,2978475,0
462.libquantum-1343B,linucb_no_suppress,0.56041,100000000,178441409,3531206,53718,3477488,396019,1469,394550,12,961842,5952170,3424622,2527548,2527504,1663475,864029,3932757,3932757,2025652,59,468010,2025711,0,212.18404,96.19723,6.89165,60.37383,0,0,0,0,0,0,0,0,0,0,0,0,0,0,0,0,0,0,0,0,0,0,0,0,0,0,0,0,0,0,0,0,0,0,0,0,0,0,0,0,7716537,4007965,2740104,2979481,14803,2964678,3932757,1657888,1460789,0,0,2979481,2467439,1301107,1166332,45752,2740091,2494422,45752,2979481,3959643,2964111,0,0,0,0,0,0,0,0
470.lbm-1274B,nopref,0.48683,100000003,205409785,5008868,221211,4787657,711034,28,711006,2074842,2001809,8673807,5813706,2860101,711034,0,711034,0,0,0,0,0,0,0,462.41141,99.79507,0.02844,254.08685,0,0,0,0,0,0,0,0,0,0,0,0,0,0,0,0,0,0,0,0,0,0,0,0,0,0,0,0,0,0,0,0,0,0,0,0,0,0,0,0,0,0,0,0,0,0,0,0,0,0,0,0,0,0,0,0,0,0,0,0,0,0,0,0,0,0,0,0,0,0
470.lbm-1274B,spp,0.66245,100000003,150953818,6648109,1746979,4901130,372024,309704,62320,2132617,2057311,8901389,6039947,2861442,711034,222826,488208,5509497,5509497,300364,15,117633,300379,0,687.24607,99.79507,0.02844,254.06962,0,0,0,0,0,0,0,0,0,0,0,0,0,0,0,0,0,0,0,0,0,0,0,0,0,0,0,0,0,0,0,0,0,0,0,0,0,0,0,0,0,0,0,0,0,0,0,0,0,0,0,0,0,0,0,0,0,0,0,0,0,0,0,0,0,0,0,0,0,0
470.lbm-1274B,bingo,0.68443,100000003,146106010,5013647,234067,4779580,28637,16,28621,2073187,1995381,9330190,6467696,2862494,711034,656391,54643,822422,822422,788518,0,26360,788521,0,867.22676,99.79507,0.02844,254.08158,0,0,0,0,0,0,0,0,0,0,0,0,0,0,0,0,0,0,0,0,0,0,0,0,0,0,0,0,0,0,0,0,0,0,0,0,0,0,0,0,0,0,0,0,0,0,0,0,0,0,0,0,0,0,0,0,0,0,0,0,0,0,0,0,0,0,0,0,0,0
470.lbm-1274B,mlop,0.66229,100000003,150990780,5221901,332818,4889083,33549,2,33547,2128198,2049804,9345464,6482081,2863383,711034,671661,39373,1423774,1423774,806384,6,5829,806404,0,829.71639,99.79507,0.02844,254.07068,0,0,0,0,0,0,0,0,0,0,0,0,0,0,0,0,0,0,0,0,0,0,0,0,0,0,0,0,0,0,0,0,0,0,0,0,0,0,0,0,0,0,0,0,0,0,0,0,0,0,0,0,0,0,0,0,0,0,0,0,0,0,0,0,0,0,0,0,0,0
470.lbm-1274B,pythia,0.65886,100000003,151777344,5013483,233655,4779828,45923,30,45893,2073598,1995203,10199504,7337083,2862421,711034,572468,138566,2775154,2775154,705615,42,92717,705662,0,821.27149,99.79507,0.02844,254.06435,0,0,0,0,0,0,0,0,0,0,0,0,0,0,0,0,0,0,0,0,0,0,0,0,0,0,0,0,0,0,0,0,0,0,0,0,0,0,0,0,0,0,0,0,0,0,0,0,0,0,0,0,0,0,0,0,0,0,0,0,0,0,0,0,0,0,0,0,0,0
470.lbm-1274B,linucb,0.596,100000003,167784617,5011312,225774,4785538,269806,23,269783,2074451,1999988,9240014,6378650,2861364,711034,437355,273679,708931,708931,525226,98,3937,525341,0,634.22381,99.79507,0.02844,254.06399,0,0,0,0,0,0,0,0,0,0,0,0,0,0,0,0,0,0,0,0,0,0,0,0,0,0,0,0,0,0,0,0,0,0,0,0,0,0,0,0,2034692,1015875,675661,852936,4283,848653,708931,350781,229791,844986,0,852936,476495,362058,114437,53482,675505,476503,53482,852936,0,844986,0,0,0,0,0,0,0,0
470.lbm-1274B,tsetlin,0.65851,100000003,151858499,5014526,234833,4779693,86255,28,86227,2073991,1994645,9689828,6826858,2862970,711034,599102,111932,1389614,1389614,722930,75,25692,723011,0,795.87339,99.79507,0.02844,254.0661,0,0,0,0,0,0,0,0,0,0,0,0,0,0,0,0,0,0,0,0,0,2360680,983092,811446,852936,10503,842433,1389614,709626,646371,852936,737845,203716,534129,9565,811402,737984,9565,852936,0,0,0,0,0,0,0,0,0,0,0,0,0,0,0,0,0,0,0,0,0,0,0,0,0,0,0,0,0,0,0
470.lbm-1274B,meta_selector,0.64837,100000003,154233732,5013392,232760,4780632,132012,28,131984,2074319,1995212,10046620,7184208,2862412,711034,568505,142529,1699884,1699884,672236,99,10528,672362,0,752.71244,99.79507,0.02844,254.07595,429745,338764,84427,50.3842,39.7174,9.8984,1.58196,1.32257,0.00165,0.11765,0.17588,0.19035,852936,35535,84427,275037,35545,457927,49232,21,0.05,2307949,871382,811301,852936,10503,842433,1382632,707678,641616,852936,736978,92754,644224,8186,811093,737063,8186,852936,0,2178790,947073,720409,852936,8340,844596,1329466,520965,808501,843511,0,852936,516733,297784,218949,51194,718932,516810,51194,852936,0,843511,0,852936,852874,851553,1220,732919,387719,0
470.lbm-1274B,nopref_MTPS600,0.30914,100000003,323481718,5008830,220955,4787875,711034,28,711006,2074943,2001926,8673806,5813724,2860082,711034,0,711034,0,0,0,0,0,0,0,820.42515,99.79507,0.02844,254.05345,0,0,0,0,0,0,0,0,0,0,0,0,0,0,0,0,0,0,0,0,0,0,0,0,0,0,0,0,0,0,0,0,0,0,0,0,0,0,0,0,0,0,0,0,0,0,0,0,0,0,0,0,0,0,0,0,0,0,0,0,0,0,0,0,0,0,0,0,0,0
470.lbm-1274B,spp_MTPS600,0.31045,100000003,322112440,6556021,1656330,4899691,344349,272343,72006,2132593,2055897,8924088,6061959,2862129,711034,246965,464069,5508703,5508703,324503,11,121169,324514,0,1543.27824,99.79507,0.02844,254.07032,0,0,0,0,0,0,0,0,0,0,0,0,0,0,0,0,0,0,0,0,0,0,0,0,0,0,0,0,0,0,0,0,0,0,0,0,0,0,0,0,0,0,0,0,0,0,0,0,0,0,0,0,0,0,0,0,0,0,0,0,0,0,0,0,0,0,0,0,0,0
470.lbm-1274B,bingo_MTPS600,0.31807,100000003,314397003,5016775,243792,4772983,25341,13,25328,2072743,1989224,9324065,6460010,2864055,711034,650281,60753,822423,822423,782408,0,35766,782411,0,2036.89173,99.79507,0.02844,254.07595,0,0,0,0,0,0,0,0,0,0,0,0,0,0,0,0,0,0,0,0,0,0,0,0,0,0,0,0,0,0,0,0,0,0,0,0,0,0,0,0,0,0,0,0,0,0,0,0,0,0,0,0,0,0,0,0,0,0,0,0,0,0,0,0,0,0,0,0,0,0
470.lbm-1274B,mlop_MTPS600,0.31022,100000003,322350714,5208897,323519,4885378,33457,5,33452,2127843,2046454,9340568,6476335,2864233,711034,666773,44261,1422384,1422384,801496,6,10809,801515,0,1890.80948,99.79507,0.02844,254.0647,0,0,0,0,0,0,0,0,0,0,0,0,0,0,0,0,0,0,0,0,0,0,0,0,0,0,0,0,0,0,0,0,0,0,0,0,0,0,0,0,0,0,0,0,0,0,0,0,0,0,0,0,0,0,0,0,0,0,0,0,0,0,0,0,0,0,0,0,0,0
470.lbm-1274B,pythia_MTPS600,0.31858,100000003,313891671,5015008,238033,4776975,45221,30,45191,2073399,1992548,10133469,7270280,2863189,711034,549418,161616,2775223,2775223,682565,42,116469,682613,0,1809.42725,99.79507,0.02844,254.07278,0,0,0,0,0,0,0,0,0,0,0,0,0,0,0,0,0,0,0,0,0,0,0,0,0,0,0,0,0,0,0,0,0,0,0,0,0,0,0,0,0,0,0,0,0,0,0,0,0,0,0,0,0,0,0,0,0,0,0,0,0,0,0,0,0,0,0,0,0,0
470.lbm-1274B,linucb_MTPS600,0.3182,100000003,314269993,5012215,228804,4783411,279872,28,279844,2074469,1997848,9208113,6346296,2861817,711034,426798,284236,681790,681790,514669,99,4428,514784,0,1320.92903,99.79507,0.02844,254.06575,0,0,0,0,0,0,0,0,0,0,0,0,0,0,0,0,0,0,0,0,0,0,0,0,0,0,0,0,0,0,0,0,0,0,0,0,0,0,0,0,2025593,1020177,672128,852936,4283,848653,681790,291348,204725,845032,0,852936,474532,364793,109739,57604,671977,474538,57604,852936,0,845032,0,0,0,0,0,0,0,0
470.lbm-1274B,tsetlin_MTPS600,0.31769,100000003,314768969,5013734,234600,4779134,86465,28,86437,2074159,1993928,9473185,6610626,2862559,711034,543844,167190,1184745,1184745,667672,65,80740,667742,0,1649.99442,99.79507,0.02844,254.0654,0,0,0,0,0,0,0,0,0,0,0,0,0,0,0,0,0,0,0,0,0,2306653,1090163,811191,852936,10503,842433,1184745,482040,440515,852936,741439,306941,434498,6572,811147,741483,6572,852936,0,0,0,0,0,0,0,0,0,0,0,0,0,0,0,0,0,0,0,0,0,0,0,0,0,0,0,0,0,0,0
470.lbm-1274B,meta_selector_MTPS600,0.31811,100000003,314356332,5014038,233930,4780108,116782,29,116753,2074295,1994742,9650784,6788062,2862722,711034,538678,172356,1359833,1359833,642409,86,55585,642508,0,1618.88798,99.79507,0.02844,254.05169,582655,186182,84099,68.31169,21.82837,9.85994,0.99315,4.33679,0.00165,0.11765,0.19531,0.16716,852936,35604,84099,278748,35369,454720,48903,8,0.05,2278133,987281,811263,852936,10503,842433,1182499,484948,441483,852936,736769,208813,527956,8387,811055,736864,8387,852936,0,2138870,984795,727420,852936,8340,844596,1140705,517910,622795,843730,0,852936,513695,345570,168125,53889,725907,513768,53889,852936,0,843730,0,852936,852873,851560,1212,731661,387002,0
470.lbm-1274B,nopref_MTPS4800,0.53062,100000003,188458642,5008886,221264,4787622,711034,28,711006,2074795,2001821,8673802,5813691,2860111,711034,0,711034,0,0,0,0,0,0,0,414.63814,99.79507,0.02844,254.08966,0,0,0,0,0,0,0,0,0,0,0,0,0,0,0,0,0,0,0,0,0,0,0,0,0,0,0,0,0,0,0,0,0,0,0,0,0,0,0,0,0,0,0,0,0,0,0,0,0,0,0,0,0,0,0,0,0,0,0,0,0,0,0,0,0,0,0,0,0,0
470.lbm-1274B,spp_MTPS4800,0.74855,100000003,133592355,6572457,1669103,4903354,428891,362080,66811,2132610,2059534,8887346,6026402,2860944,711034,208541,502493,5510069,5510069,286079,14,75051,286093,0,590.83204,99.79507,0.02844,254.04466,0,0,0,0,0,0,0,0,0,0,0,0,0,0,0,0,0,0,0,0,0,0,0,0,0,0,0,0,0,0,0,0,0,0,0,0,0,0,0,0,0,0,0,0,0,0,0,0,0,0,0,0,0,0,0,0,0,0,0,0,0,0,0,0,0,0,0,0,0,0
470.lbm-1274B,bingo_MTPS4800,0.78387,100000003,127572175,5012283,231786,4780497,33051,23,33028,2073320,1996172,9331643,6469830,2861813,711034,657844,53190,822422,822422,789971,0,20493,789974,0,731.86639,99.79507,0.02844,253.94233,0,0,0,0,0,0,0,0,0,0,0,0,0,0,0,0,0,0,0,0,0,0,0,0,0,0,0,0,0,0,0,0,0,0,0,0,0,0,0,0,0,0,0,0,0,0,0,0,0,0,0,0,0,0,0,0,0,0,0,0,0,0,0,0,0,0,0,0,0,0
470.lbm-1274B,mlop_MTPS4800,0.74563,100000003,134114717,5225857,332818,4893039,33640,5,33635,2128227,2053722,9345649,6483171,2862478,711034,671850,39184,1423590,1423590,806573,6,5549,806593,0,722.84564,99.79507,0.02844,253.95429,0,0,0,0,0,0,0,0,0,0,0,0,0,0,0,0,0,0,0,0,0,0,0,0,0,0,0,0,0,0,0,0,0,0,0,0,0,0,0,0,0,0,0,0,0,0,0,0,0,0,0,0,0,0,0,0,0,0,0,0,0,0,0,0,0,0,0,0,0,0
470.lbm-1274B,pythia_MTPS4800,0.74504,100000003,134220927,5011915,230182,4781733,46922,28,46894,2073834,1996869,10197612,7335973,2861639,711034,579619,131415,2775185,2775185,712766,42,84567,712814,0,708.00002,99.79507,0.02844,253.97082,0,0,0,0,0,0,0,0,0,0,0,0,0,0,0,0,0,0,0,0,0,0,0,0,0,0,0,0,0,0,0,0,0,0,0,0,0,0,0,0,0,0,0,0,0,0,0,0,0,0,0,0,0,0,0,0,0,0,0,0,0,0,0,0,0,0,0,0,0,0
470.lbm-1274B,linucb_MTPS4800,0.64911,100000003,154056578,5010514,223541,4786973,287599,23,287576,2074593,2001284,9206984,6346017,2860967,711034,420095,290939,668427,668427,507966,94,3404,508078,0,527.29648,99.79507,0.02844,254.02813,0,0,0,0,0,0,0,0,0,0,0,0,0,0,0,0,0,0,0,0,0,0,0,0,0,0,0,0,0,0,0,0,0,0,0,0,0,0,0,0,2026196,1019076,638645,852936,4283,848653,668427,348056,217536,845123,0,852936,448501,356238,92263,50406,638498,448507,50406,852936,0,845123,0,0,0,0,0,0,0,0
470.lbm-1274B,tsetlin_MTPS4800,0.74936,100000003,133447999,5013064,230521,4782543,81386,28,81358,2074224,1997261,9728857,6866595,2862262,711034,611067,99967,1426202,1426202,734895,75,18596,734976,0,692.45725,99.79507,0.02844,253.99965,0,0,0,0,0,0,0,0,0,0,0,0,0,0,0,0,0,0,0,0,0,2374759,973694,810524,852936,10503,842433,1426202,744435,681767,852936,741345,189898,551447,6926,810488,741398,6926,852936,0,0,0,0,0,0,0,0,0,0,0,0,0,0,0,0,0,0,0,0,0,0,0,0,0,0,0,0,0,0,0
470.lbm-1274B,meta_selector_MTPS4800,0.72338,100000003,138240648,5011856,226002,4785854,147037,28,147009,2074538,2000214,9996841,7135191,2861650,711034,555204,155830,1668442,1668442,658935,101,8804,659062,0,634.72028,99.79507,0.02844,253.98945,414458,353054,85424,48.59192,41.39279,10.01529,1.23837,0.93766,0.00166,0.11765,0.1741,0.16716,852936,35698,85424,288285,34778,444449,47871,21,0.05,2294605,859358,811317,852936,10503,842433,1415116,740963,674128,852936,736585,81137,655448,8556,811109,736721,8556,852936,0,2150082,926520,720603,852936,8340,844596,1206271,505751,700520,843865,0,852936,501868,292291,209577,53688,719093,501941,53688,852936,0,843865,0,852936,852873,851545,1227,732893,387697,0
470.lbm-1274B,tsetlin_no_dyn_deg,0.63209,100000003,158205188,5009779,223745,4786034,80935,27,80908,2074845,2000159,9043898,6183329,2860569,711034,368861,342173,756143,756143,487994,38,261305,488034,0,660.27132,99.79507,0.02844,254.08052,0,0,0,0,0,0,0,0,0,0,0,0,0,0,0,0,0,0,0,0,0,2147352,1290224,802697,852936,10503,842433,756143,0,0,852936,751951,487994,263957,6450,802668,751996,6450,852936,758467,0,0,0,0,0,0,0,0,0,0,0,0,0,0,0,0,0,0,0,0,0,0,0,0,0,0,0,0,0,0
470.lbm-1274B,linucb_no_dyn_deg,0.57888,100000003,172747130,5010628,225769,4784859,315266,36,315230,2074691,1999125,9057229,6196221,2861008,711034,382801,328233,475955,475955,460478,39,12985,460537,0,603.46062,99.79507,0.02844,254.08052,0,0,0,0,0,0,0,0,0,0,0,0,0,0,0,0,0,0,0,0,0,0,0,0,0,0,0,0,0,0,0,0,0,0,0,0,0,0,0,0,1942739,1087946,699625,852936,4282,848654,475955,0,0,845275,0,852936,474098,460478,13620,58019,699415,474108,58019,852936,532147,845275,0,0,0,0,0,0,0,0
470.lbm-1274B,tsetlin_no_featurewise,0.61311,100000003,163102974,5009584,223276,4786308,123881,19,123862,2074648,2000585,9248397,6387906,2860491,711034,391653,319381,1276356,1276356,509045,76,195706,509128,0,620.51538,99.79507,0.02844,254.05415,0,0,0,0,0,0,0,0,0,0,0,0,0,0,0,0,0,0,0,0,0,2176997,991270,712151,852936,10503,842433,1276356,642581,602208,852936,559016,291425,267591,113613,712041,571869,113613,0,0,0,0,0,0,0,0,0,0,0,0,0,0,0,0,0,0,0,0,0,0,0,0,0,0,0,0,0,0,0,0
470.lbm-1274B,linucb_no_featurewise,0.6013,100000003,166306912,5011651,228702,4782949,251633,35,251598,2074342,1997557,9260336,6398812,2861524,711034,453978,257056,703246,703246,533191,47,5456,533258,0,658.46036,99.79507,0.02844,254.06435,0,0,0,0,0,0,0,0,0,0,0,0,0,0,0,0,0,0,0,0,0,0,0,0,0,0,0,0,0,0,0,0,0,0,0,0,0,0,0,0,2119872,1096687,590251,852936,4282,848654,703246,302807,232253,844993,0,852936,468857,365096,103761,14719,590134,469252,14719,0,0,844993,0,0,0,0,0,0,0,0
470.lbm-1274B,meta_selector_no_explore,0.6467,100000003,154631900,5012864,231493,4781371,122071,28,122043,2074240,1996033,10001446,7139305,2862141,711034,563805,147229,1705662,1705662,669970,90,25168,670087,0,751.36478,99.79507,0.02844,254.07525,440840,335826,76270,51.68501,39.37294,8.94205,1.39142,0.85942,0.00165,0.11765,0.17838,0.21717,852936,30261,76270,300098,0,476568,47589,25,0,2318199,909012,802626,852936,10503,842433,1402259,710764,657393,852936,740273,118412,621861,8508,802523,740360,8508,852936,0,2191626,948444,692701,852936,8340,844596,1259695,508368,751327,843642,0,852936,503612,284571,219041,45568,690639,503625,45568,852936,0,843642,0,852936,852874,851568,1205,733399,387942,0
470.lbm-1274B,linucb_no_suppress,0.55058,100000003,181627748,5009116,220788,4788328,313714,25,313689,2075068,2002209,9079579,6219327,2860252,711034,391277,319757,491289,491289,467346,51,6060,467403,0,507.77695,99.79507,0.02844,254.02848,0,0,0,0,0,0,0,0,0,0,0,0,0,0,0,0,0,0,0,0,0,0,0,0,0,0,0,0,0,0,0,0,0,0,0,0,0,0,0,0,2068895,1201097,580345,852936,4283,848653,491289,29942,15324,0,0,852936,474117,454344,19773,16591,580249,474122,16591,852936,490741,845273,0,0,0,0,0,0,0,0
471.omnetpp-188B,nopref,0.25021,100000000,399667739,3108707,1103298,2005409,1859372,441234,1418138,247374,339897,3518182,1337351,2180831,2138368,278993,1859375,0,0,0,0,0,0,0,170.95843,97.20705,5.07593,109.04119,0,0,0,0,0,0,0,0,0,0,0,0,0,0,0,0,0,0,0,0,0,0,0,0,0,0,0,0,0,0,0,0,0,0,0,0,0,0,0,0,0,0,0,0,0,0,0,0,0,0,0,0,0,0,0,0,0,0,0,0,0,0,0,0,0,0,0,0,0,0
471.omnetpp-188B,spp,0.26509,100000000,377236089,3781853,1626500,2155353,1796604,627105,1169499,260288,204728,3681512,1494946,2186566,2138299,325519,1812780,1504924,1504924,60552,7831,16608,68390,0,154.19866,97.20705,5.07593,109.03325,0,0,0,0,0,0,0,0,0,0,0,0,0,0,0,0,0,0,0,0,0,0,0,0,0,0,0,0,0,0,0,0,0,0,0,0,0,0,0,0,0,0,0,0,0,0,0,0,0,0,0,0,0,0,0,0,0,0,0,0,0,0,0,0,0,0,0,0,0,0
471.omnetpp-188B,bingo,0.29463,100000000,339410649,5195806,1807397,3388409,1365517,583988,781529,234573,280172,4343083,1966077,2377006,2137953,739890,1398063,3463712,3463712,574041,225554,34527,799775,0,161.95058,97.20705,5.07593,109.03181,0,0,0,0,0,0,0,0,0,0,0,0,0,0,0,0,0,0,0,0,0,0,0,0,0,0,0,0,0,0,0,0,0,0,0,0,0,0,0,0,0,0,0,0,0,0,0,0,0,0,0,0,0,0,0,0,0,0,0,0,0,0,0,0,0,0,0,0,0,0
471.omnetpp-188B,mlop,0.267,100000000,374534109,4831085,1618787,3212298,1859379,724213,1135166,220108,327794,3545978,1365183,2180795,2138372,278990,1859382,2397961,2397961,0,0,0,0,0,144.79087,97.20705,5.07593,109.04617,0,0,0,0,0,0,0,0,0,0,0,0,0,0,0,0,0,0,0,0,0,0,0,0,0,0,0,0,0,0,0,0,0,0,0,0,0,0,0,0,0,0,0,0,0,0,0,0,0,0,0,0,0,0,0,0,0,0,0,0,0,0,0,0,0,0,0,0,0,0
471.omnetpp-188B,pythia,0.27688,100000000,361166056,4026021,1237505,2788516,1337362,340321,997041,223347,378683,5287859,2201906,3085953,2138450,706116,1432334,2490432,2490432,601940,1025398,100130,1628320,0,176.02094,97.20705,5.07593,109.02666,0,0,0,0,0,0,0,0,0,0,0,0,0,0,0,0,0,0,0,0,0,0,0,0,0,0,0,0,0,0,0,0,0,0,0,0,0,0,0,0,0,0,0,0,0,0,0,0,0,0,0,0,0,0,0,0,0,0,0,0,0,0,0,0,0,0,0,0,0,0
471.omnetpp-188B,linucb,0.2673,100000000,374114899,4071100,1232010,2839090,1485889,360058,1125831,219219,376565,5125862,1996374,3129488,2138463,577349,1561114,2236613,2236613,454426,1079693,80493,1534973,0,176.592,97.20705,5.07593,109.022,0,0,0,0,0,0,0,0,0,0,0,0,0,0,0,0,0,0,0,0,0,0,0,0,0,0,0,0,0,0,0,0,0,0,0,0,0,0,0,0,6472694,2348309,2380964,2543387,12646,2530741,2236613,5337,4702,2457475,0,2543387,654386,382081,272305,1535430,2380624,709564,1535430,2543387,0,2457475,0,0,0,0,0,0,0,0
471.omnetpp-188B,tsetlin,0.26673,100000000,374917061,5387670,1272460,4115210,1499470,367758,1131712,214309,442752,6654229,2215995,4438234,2138390,576184,1562206,4108960,4108956,492192,2591717,66108,3085740,4,192.86912,97.20705,5.07593,109.04299,0,0,0,0,0,0,0,0,0,0,0,0,0,0,0,0,0,0,0,0,0,7875665,2104676,2486682,2543314,27309,2516005,4108960,2162779,1936474,2543314,451236,261117,190119,1728470,2486238,466202,1728470,2543314,0,0,0,0,0,0,0,0,0,0,0,0,0,0,0,0,0,0,0,0,0,0,0,0,0,0,0,0,0,0,0
471.omnetpp-188B,meta_selector,0.27238,100000000,367132489,5316128,1314252,4001876,1386556,345108,1041448,203242,432537,6964657,2598477,4366180,2138385,659140,1479245,4721174,4721168,615600,2508267,98653,3125307,6,190.03062,97.20705,5.07593,109.03747,1160336,1283337,99643,45.62296,50.4592,3.91784,1.19169,0.98897,0.00017,0.05866,0.01434,0.01805,2543316,96881,99643,550692,110249,1782732,189188,633,0.05,7923450,1626934,2486702,2543316,27310,2516006,4129065,2174686,1948423,2543316,453868,203210,250658,1732921,2486056,468499,1732921,2543316,0,7978195,1781250,2389756,2543316,25425,2517891,4255716,2150302,2099704,2364279,0,2543316,635876,246149,389727,1429353,2387889,728622,1429353,2543316,0,2364279,0,2543316,2531761,1768214,737848,101150,61683,0
471.omnetpp-188B,nopref_MTPS600,0.24356,100000000,410571300,3108697,1103277,2005420,1859372,441275,1418097,247408,339915,3518181,1337353,2180828,2138378,279003,1859375,0,0,0,0,0,0,0,181.6382,97.20705,5.07593,109.03644,0,0,0,0,0,0,0,0,0,0,0,0,0,0,0,0,0,0,0,0,0,0,0,0,0,0,0,0,0,0,0,0,0,0,0,0,0,0,0,0,0,0,0,0,0,0,0,0,0,0,0,0,0,0,0,0,0,0,0,0,0,0,0,0,0,0,0,0,0,0
471.omnetpp-188B,spp_MTPS600,0.2577,100000000,388054052,3774486,1610178,2164308,1796862,612790,1184072,259058,205796,3674857,1488429,2186428,2138301,319524,1818777,1526489,1526489,54567,7685,22349,62260,0,165.40974,97.20705,5.07593,109.03143,0,0,0,0,0,0,0,0,0,0,0,0,0,0,0,0,0,0,0,0,0,0,0,0,0,0,0,0,0,0,0,0,0,0,0,0,0,0,0,0,0,0,0,0,0,0,0,0,0,0,0,0,0,0,0,0,0,0,0,0,0,0,0,0,0,0,0,0,0,0
471.omnetpp-188B,bingo_MTPS600,0.26162,100000000,382233909,5168716,1771506,3397210,1365497,562205,803292,239335,290449,4318316,1941376,2376940,2137976,716288,1421688,3462935,3462935,549743,225525,58833,775452,0,234.68674,97.20705,5.07593,109.03631,0,0,0,0,0,0,0,0,0,0,0,0,0,0,0,0,0,0,0,0,0,0,0,0,0,0,0,0,0,0,0,0,0,0,0,0,0,0,0,0,0,0,0,0,0,0,0,0,0,0,0,0,0,0,0,0,0,0,0,0,0,0,0,0,0,0,0,0,0,0
471.omnetpp-188B,mlop_MTPS600,0.2536,100000000,394317416,4800066,1591852,3208214,1859355,702571,1156784,221566,331062,3545976,1365186,2180790,2138358,279000,1859358,2391122,2391122,0,0,0,0,0,163.64907,97.20705,5.07593,109.04832,0,0,0,0,0,0,0,0,0,0,0,0,0,0,0,0,0,0,0,0,0,0,0,0,0,0,0,0,0,0,0,0,0,0,0,0,0,0,0,0,0,0,0,0,0,0,0,0,0,0,0,0,0,0,0,0,0,0,0,0,0,0,0,0,0,0,0,0,0,0
471.omnetpp-188B,pythia_MTPS600,0.2663,100000000,375512543,4003012,1226819,2776193,1340118,340504,999614,222185,376658,5220371,2157070,3063301,2138428,688771,1449657,2415345,2415345,583298,1003426,116608,1587626,0,205.9272,97.20705,5.07593,109.03033,0,0,0,0,0,0,0,0,0,0,0,0,0,0,0,0,0,0,0,0,0,0,0,0,0,0,0,0,0,0,0,0,0,0,0,0,0,0,0,0,0,0,0,0,0,0,0,0,0,0,0,0,0,0,0,0,0,0,0,0,0,0,0,0,0,0,0,0,0,0
471.omnetpp-188B,linucb_MTPS600,0.25705,100000000,389028463,4044257,1216543,2827714,1496209,360709,1135500,219626,379223,5052084,1949278,3102806,2138417,544396,1594021,2185446,2185446,419147,1053876,104171,1473893,0,203.34332,97.20705,5.07593,109.02284,0,0,0,0,0,0,0,0,0,0,0,0,0,0,0,0,0,0,0,0,0,0,0,0,0,0,0,0,0,0,0,0,0,0,0,0,0,0,0,0,6354826,2270378,2387363,2543341,12703,2530638,2185446,4521,3832,2408383,0,2543341,643510,348549,294961,1471343,2387012,718581,1471343,2543341,0,2408383,0,0,0,0,0,0,0,0
471.omnetpp-188B,tsetlin_MTPS600,0.24873,100000000,402046163,4917450,1226506,3690944,1541581,371280,1170301,217366,430267,5960978,1991502,3969476,2138401,520287,1618114,3371419,3371415,420750,2136811,82104,2559029,4,240.36084,97.20705,5.07593,109.04422,0,0,0,0,0,0,0,0,0,0,0,0,0,0,0,0,0,0,0,0,0,7352330,2149455,2486288,2543325,27309,2516016,3371419,1341012,1195905,2543325,449265,250857,198408,1731273,2485869,464024,1731273,2543325,0,0,0,0,0,0,0,0,0,0,0,0,0,0,0,0,0,0,0,0,0,0,0,0,0,0,0,0,0,0,0
471.omnetpp-188B,meta_selector_MTPS600,0.25387,100000000,393909451,4858118,1269891,3588227,1444894,344329,1100565,202952,421058,6229826,2320108,3909718,2138459,592807,1545652,3899522,3899516,534234,2064298,110613,2599805,6,233.7656,97.20705,5.07593,109.03711,1177312,1263143,102935,46.28909,49.66376,4.04716,1.81564,0.98645,0.09002,0.02821,0.01029,0.01805,2543390,99940,102935,547491,110248,1782716,189187,313,0.05,7395427,1636828,2486352,2543390,27311,2516079,3415431,1378814,1237811,2543390,452681,196645,256036,1731368,2485716,468052,1731368,2543390,0,7434939,1763456,2407445,2543390,25516,2517874,3507723,1386853,1351924,2359375,0,2543390,654278,231000,423278,1415246,2405582,751903,1415246,2543390,0,2359375,0,2543390,2531821,1769755,736360,102013,62117,0
471.omnetpp-188B,nopref_MTPS4800,0.25104,100000000,398335202,3108707,1103388,2005319,1859370,441305,1418065,247370,339884,3518177,1337346,2180831,2138361,278988,1859373,0,0,0,0,0,0,0,169.61462,97.20705,5.07593,109.0414,0,0,0,0,0,0,0,0,0,0,0,0,0,0,0,0,0,0,0,0,0,0,0,0,0,0,0,0,0,0,0,0,0,0,0,0,0,0,0,0,0,0,0,0,0,0,0,0,0,0,0,0,0,0,0,0,0,0,0,0,0,0,0,0,0,0,0,0,0,0
471.omnetpp-188B,spp_MTPS4800,0.26585,100000000,376146014,3796581,1631588,2164993,1796723,626658,1170065,259560,206129,3683161,1496617,2186544,2138318,325448,1812870,1524718,1524718,60487,7792,16579,68290,0,152.87203,97.20705,5.07593,109.03511,0,0,0,0,0,0,0,0,0,0,0,0,0,0,0,0,0,0,0,0,0,0,0,0,0,0,0,0,0,0,0,0,0,0,0,0,0,0,0,0,0,0,0,0,0,0,0,0,0,0,0,0,0,0,0,0,0,0,0,0,0,0,0,0,0,0,0,0,0,0
471.omnetpp-188B,bingo_MTPS4800,0.29634,100000000,337445625,5205884,1816943,3388941,1365529,593495,772034,234811,280025,4345446,1968565,2376881,2137930,742699,1395231,3463715,3463715,576863,225416,31670,802461,0,155.54396,97.20705,5.07593,109.0317,0,0,0,0,0,0,0,0,0,0,0,0,0,0,0,0,0,0,0,0,0,0,0,0,0,0,0,0,0,0,0,0,0,0,0,0,0,0,0,0,0,0,0,0,0,0,0,0,0,0,0,0,0,0,0,0,0,0,0,0,0,0,0,0,0,0,0,0,0,0
471.omnetpp-188B,mlop_MTPS4800,0.26795,100000000,373200386,4827705,1619779,3207926,1859358,724470,1134888,219952,327724,3545991,1365207,2180784,2138362,279001,1859361,2394018,2394018,0,0,0,0,0,143.39212,97.20705,5.07593,109.04635,0,0,0,0,0,0,0,0,0,0,0,0,0,0,0,0,0,0,0,0,0,0,0,0,0,0,0,0,0,0,0,0,0,0,0,0,0,0,0,0,0,0,0,0,0,0,0,0,0,0,0,0,0,0,0,0,0,0,0,0,0,0,0,0,0,0,0,0,0,0
471.omnetpp-188B,pythia_MTPS4800,0.27752,100000000,360339124,4032096,1238401,2793695,1343321,341366,1001955,224269,379976,5296262,2205179,3091083,2138415,704313,1434102,2500338,2500338,599086,1030256,95979,1630250,0,172.59312,97.20705,5.07593,109.03146,0,0,0,0,0,0,0,0,0,0,0,0,0,0,0,0,0,0,0,0,0,0,0,0,0,0,0,0,0,0,0,0,0,0,0,0,0,0,0,0,0,0,0,0,0,0,0,0,0,0,0,0,0,0,0,0,0,0,0,0,0,0,0,0,0,0,0,0,0,0
471.omnetpp-188B,linucb_MTPS4800,0.26815,100000000,372930071,4067865,1227910,2839955,1484798,360020,1124778,219825,380165,5121252,1995137,3126115,2138413,577481,1560932,2235088,2235088,454035,1076508,81365,1531398,0,173.57637,97.20705,5.07593,109.0239,0,0,0,0,0,0,0,0,0,0,0,0,0,0,0,0,0,0,0,0,0,0,0,0,0,0,0,0,0,0,0,0,0,0,0,0,0,0,0,0,6467542,2347972,2381686,2543337,12741,2530596,2235088,4268,3932,2459053,0,2543337,657785,382211,275574,1532638,2381347,712667,1532638,2543337,0,2459053,0,0,0,0,0,0,0,0
471.omnetpp-188B,tsetlin_MTPS4800,0.26794,100000000,373211933,5401565,1269373,4132192,1500324,367255,1133069,215153,442952,6672654,2220657,4451997,2138454,577030,1561424,4123667,4123663,493316,2605388,64356,3100364,4,187.21133,97.20705,5.07593,109.03981,0,0,0,0,0,0,0,0,0,0,0,0,0,0,0,0,0,0,0,0,0,7895936,2107749,2486320,2543378,27310,2516068,4123667,2177777,1945867,2543378,449295,258643,190652,1736705,2485920,463916,1736705,2543378,0,0,0,0,0,0,0,0,0,0,0,0,0,0,0,0,0,0,0,0,0,0,0,0,0,0,0,0,0,0,0
471.omnetpp-188B,meta_selector_MTPS4800,0.27358,100000000,365524463,5316255,1307245,4009010,1385817,344042,1041775,203515,435335,6975574,2609259,4366315,2138445,663849,1474596,4725907,4725901,620477,2508196,94683,3130186,6,184.49871,97.20705,5.07593,109.0347,1155199,1288098,100079,45.41991,50.64521,3.93489,1.08232,1.35201,0.00028,0,0.01413,0.01805,2543376,97283,100079,538100,110849,1794348,190432,609,0.05,7929203,1621099,2486216,2543376,27311,2516065,4135003,2180711,1954290,2543376,456434,202648,253786,1731820,2485616,471061,1731820,2543376,0,7997764,1795600,2386955,2543376,25385,2517991,4277972,2167779,2110191,2383977,0,2543376,635436,246502,388934,1453184,2385077,719211,1453184,2543376,0,2383977,0,2543376,2531813,1768240,737843,101255,61740,0
471.omnetpp-188B,tsetlin_no_dyn_deg,0.26116,100000000,382909194,4284919,1161995,3122924,1640190,394444,1245746,230161,410265,5051204,1709935,3341269,2138463,462548,1675915,1981071,1981071,301685,1325333,38322,1628136,0,182.32381,97.20705,5.07593,109.04039,0,0,0,0,0,0,0,0,0,0,0,0,0,0,0,0,0,0,0,0,0,6216895,2056133,2495297,2543393,27311,2516082,1981071,0,0,2543393,381451,256744,124707,1522012,2494885,412353,1522012,2543393,1936084,0,0,0,0,0,0,0,0,0,0,0,0,0,0,0,0,0,0,0,0,0,0,0,0,0,0,0,0,0,0
471.omnetpp-188B,linucb_no_dyn_deg,0.26743,100000000,373934768,4134510,1250034,2884476,1495655,364495,1131160,220435,374935,5170340,1977707,3192633,2138425,577468,1560957,2237132,2237132,460929,1153107,69606,1614881,0,176.99765,97.20705,5.07593,109.02381,0,0,0,0,0,0,0,0,0,0,0,0,0,0,0,0,0,0,0,0,0,0,0,0,0,0,0,0,0,0,0,0,0,0,0,0,0,0,0,0,6617883,2451863,2320832,2543351,12614,2530737,2237132,0,0,2524120,0,2543351,614463,391329,223134,1620821,2320482,635137,1620821,2543351,2311217,2524120,0,0,0,0,0,0,0,0
471.omnetpp-188B,tsetlin_no_featurewise,0.26199,100000000,381688380,5138162,1185326,3952836,1612547,383730,1228817,225953,449451,6118501,1928288,4190213,2138410,489843,1648567,3290306,3290306,362836,2304178,38664,2668582,0,192.85176,97.20705,5.07593,109.04595,0,0,0,0,0,0,0,0,0,0,0,0,0,0,0,0,0,0,0,0,0,7150085,1882224,2441178,2543338,27311,2516027,3290306,1817511,1468219,2543338,301503,200258,101245,1531085,2440729,321893,1531085,0,0,0,0,0,0,0,0,0,0,0,0,0,0,0,0,0,0,0,0,0,0,0,0,0,0,0,0,0,0,0,0
471.omnetpp-188B,linucb_no_featurewise,0.26572,100000000,376329836,4238521,1220366,3018155,1508580,371544,1137036,220895,392686,5155487,1860017,3295470,2138442,577319,1561123,2143926,2143926,451976,1261520,56850,1714488,0,179.87052,97.20705,5.07593,109.02367,0,0,0,0,0,0,0,0,0,0,0,0,0,0,0,0,0,0,0,0,0,0,0,0,0,0,0,0,0,0,0,0,0,0,0,0,0,0,0,0,6621832,2530381,2322364,2543373,12687,2530686,2143926,997,964,2511322,0,2543373,595598,390880,204718,1548123,2321987,616189,1548123,0,0,2511322,0,0,0,0,0,0,0,0
471.omnetpp-188B,meta_selector_no_explore,0.27235,100000000,367172498,5317569,1307939,4009630,1383697,343651,1040046,203309,431827,6967776,2599904,4367872,2138453,661121,1477332,4721497,4721497,616352,2511885,99372,3129762,0,190.35112,97.20705,5.07593,109.03749,1148382,1295085,99921,45.15166,50.91968,3.92866,1.33431,1.12268,0.01755,0.01846,0.01421,0.01805,2543388,97011,99921,537418,0,1906049,190800,417,0,7923170,1618262,2486518,2543388,27314,2516074,4119471,2169615,1943728,2543388,456595,202942,253653,1723341,2485971,471807,1723341,2543388,0,8003095,1801769,2387216,2543388,25526,2517862,4284626,2167926,2110853,2390373,0,2543388,635747,247773,387974,1459841,2381519,715072,1459841,2543388,0,2390373,0,2543388,2531816,1768263,737836,101170,61690,0
471.omnetpp-188B,linucb_no_suppress,0.26902,100000000,371720423,4048266,1265642,2782624,1480421,353201,1127220,212970,367825,5165035,2060784,3104251,2138412,586839,1551573,2396147,2396147,478561,1050078,78506,1529509,0,174.15744,97.20705,5.07593,109.0192,0,0,0,0,0,0,0,0,0,0,0,0,0,0,0,0,0,0,0,0,0,0,0,0,0,0,0,0,0,0,0,0,0,0,0,0,0,0,0,0,6556161,2387514,2455348,2543340,12515,2530825,2396147,1513,827,0,0,2543340,770676,394726,375950,1619756,2455015,808788,1619756,2543340,2483790,2521784,0,0,0,0,0,0,0,0
473.astar-359B,nopref,0.12509,100000001,799433245,6199993,1165894,5034099,2059978,159130,1900848,1329509,1803742,7802236,4065336,3736900,3475133,1415154,2059979,0,0,0,0,0,0,0,317.80118,88.0545,14.16711,60.87094,0,0,0,0,0,0,0,0,0,0,0,0,0,0,0,0,0,0,0,0,0,0,0,0,0,0,0,0,0,0,0,0,0,0,0,0,0,0,0,0,0,0,0,0,0,0,0,0,0,0,0,0,0,0,0,0,0,0,0,0,0,0,0,0,0,0,0,0,0,0
473.astar-359B,spp,0.1266,100000001,789869237,7456338,1742423,5713915,1929828,251817,1678011,1525232,1883477,8056972,4310583,3746389,3475134,1506927,1968207,2404776,2404776,130770,10016,38438,140791,0,430.1969,88.0545,14.16711,60.86899,0,0,0,0,0,0,0,0,0,0,0,0,0,0,0,0,0,0,0,0,0,0,0,0,0,0,0,0,0,0,0,0,0,0,0,0,0,0,0,0,0,0,0,0,0,0,0,0,0,0,0,0,0,0,0,0,0,0,0,0,0,0,0,0,0,0,0,0,0,0
473.astar-359B,bingo,0.1416,100000001,706221279,15131776,4427567,10704209,1608256,458973,1149283,1630310,2092606,10687939,6053604,4634335,3475135,1860016,1615119,13072286,13072286,643268,964101,8547,1608647,0,360.73787,88.0545,14.16711,60.86532,0,0,0,0,0,0,0,0,0,0,0,0,0,0,0,0,0,0,0,0,0,0,0,0,0,0,0,0,0,0,0,0,0,0,0,0,0,0,0,0,0,0,0,0,0,0,0,0,0,0,0,0,0,0,0,0,0,0,0,0,0,0,0,0,0,0,0,0,0,0
473.astar-359B,mlop,0.13666,100000001,731745988,8093274,1063594,7029680,1864435,598295,1266140,1578061,2190832,8132016,4263792,3868224,3475131,1608437,1866694,2622635,2622635,242442,152941,2287,395383,0,429.72005,88.0545,14.16711,60.86797,0,0,0,0,0,0,0,0,0,0,0,0,0,0,0,0,0,0,0,0,0,0,0,0,0,0,0,0,0,0,0,0,0,0,0,0,0,0,0,0,0,0,0,0,0,0,0,0,0,0,0,0,0,0,0,0,0,0,0,0,0,0,0,0,0,0,0,0,0,0
473.astar-359B,pythia,0.13999,100000001,714324514,7628238,1267696,6360542,1491306,296961,1194345,1506919,1908286,11917009,6760961,5156048,3475132,1963069,1512063,5460378,5460378,823004,1531813,23618,2356400,0,366.64693,88.0545,14.16711,60.8684,0,0,0,0,0,0,0,0,0,0,0,0,0,0,0,0,0,0,0,0,0,0,0,0,0,0,0,0,0,0,0,0,0,0,0,0,0,0,0,0,0,0,0,0,0,0,0,0,0,0,0,0,0,0,0,0,0,0,0,0,0,0,0,0,0,0,0,0,0,0
473.astar-359B,linucb,0.13634,100000001,733482490,7649320,1190236,6459084,1617397,272606,1344791,1498863,1931109,10706536,5529495,5177041,3475138,1813439,1661699,3653301,3653301,643677,1589258,46651,2234478,0,331.07681,88.0545,14.16711,60.86899,0,0,0,0,0,0,0,0,0,0,0,0,0,0,0,0,0,0,0,0,0,0,0,0,0,0,0,0,0,0,0,0,0,0,0,0,0,0,0,0,10084227,2984949,4067718,4150080,20719,4129361,3653301,52929,35994,4058167,0,4150080,693209,328387,364822,2925312,4067257,779448,2925312,4150080,0,4058167,0,0,0,0,0,0,0,0
473.astar-359B,tsetlin,0.13058,100000001,765819765,11240385,1986856,9253529,2052598,579291,1473307,1526808,1910222,13589340,4831357,8757983,3475133,1367908,2107225,7189666,7189666,435856,5457667,55660,5896108,0,291.60931,88.0545,14.16711,60.86795,0,0,0,0,0,0,0,0,0,0,0,0,0,0,0,0,0,0,0,0,0,13869926,3472024,4114975,4150075,43485,4106590,7189666,3744867,3435520,4150075,482290,159354,322936,3328674,4114497,503028,3328674,4150075,0,0,0,0,0,0,0,0,0,0,0,0,0,0,0,0,0,0,0,0,0,0,0,0,0,0,0,0,0,0,0
473.astar-359B,meta_selector,0.13582,100000001,736243073,10887452,2283327,8604125,1909596,616781,1292815,1547127,1835442,14128520,5725626,8402894,3475132,1511414,1963718,8002729,8002729,620786,5041782,55897,5665112,0,289.40829,88.0545,14.16711,60.86768,2075493,1968354,106227,50.01099,47.42937,2.55964,0.83454,0.81726,0.00307,0,0.01639,0.00484,4150074,98739,106227,575618,187871,3280358,346388,1160,0.05,13639993,2506848,4115011,4150074,43485,4106589,7192917,3745419,3437723,4150074,482359,164946,317413,3328435,4114299,503712,3328435,4150074,0,13621208,2361009,4100934,4150074,41622,4108452,7819900,3755784,4063018,3940957,0,4150074,803637,208752,594885,2851747,4099033,962517,2851747,4150074,0,3940957,0,4150074,4149928,2509863,1639172,706377,357658,0
473.astar-359B,nopref_MTPS600,0.11678,100000001,856319304,6199993,1165930,5034063,2059977,159154,1900823,1329497,1803743,7802233,4065334,3736899,3475130,1415152,2059978,0,0,0,0,0,0,0,497.85078,88.0545,14.16711,60.87168,0,0,0,0,0,0,0,0,0,0,0,0,0,0,0,0,0,0,0,0,0,0,0,0,0,0,0,0,0,0,0,0,0,0,0,0,0,0,0,0,0,0,0,0,0,0,0,0,0,0,0,0,0,0,0,0,0,0,0,0,0,0,0,0,0,0,0,0,0,0
473.astar-359B,spp_MTPS600,0.1155,100000001,865832715,7479756,1763614,5716142,1915844,237430,1678414,1524958,1884702,8057686,4311931,3745755,3475132,1508563,1966569,2413811,2413811,132447,9337,50785,141792,0,833.87949,88.0545,14.16711,60.87015,0,0,0,0,0,0,0,0,0,0,0,0,0,0,0,0,0,0,0,0,0,0,0,0,0,0,0,0,0,0,0,0,0,0,0,0,0,0,0,0,0,0,0,0,0,0,0,0,0,0,0,0,0,0,0,0,0,0,0,0,0,0,0,0,0,0,0,0,0,0
473.astar-359B,bingo_MTPS600,0.11662,100000001,857491374,15130711,4429455,10701256,1607450,458543,1148907,1630416,2093082,10685895,6051524,4634371,3475135,1857755,1617380,13071969,13071969,641009,964143,11615,1606430,0,667.7368,88.0545,14.16711,60.86725,0,0,0,0,0,0,0,0,0,0,0,0,0,0,0,0,0,0,0,0,0,0,0,0,0,0,0,0,0,0,0,0,0,0,0,0,0,0,0,0,0,0,0,0,0,0,0,0,0,0,0,0,0,0,0,0,0,0,0,0,0,0,0,0,0,0,0,0,0,0
473.astar-359B,mlop_MTPS600,0.1235,100000001,809711978,8079928,1048058,7031870,1864201,597632,1266569,1578558,2204121,8120500,4262682,3857818,3475132,1606898,1868234,2610050,2610050,240873,143029,4061,383902,0,847.02774,88.0545,14.16711,60.86936,0,0,0,0,0,0,0,0,0,0,0,0,0,0,0,0,0,0,0,0,0,0,0,0,0,0,0,0,0,0,0,0,0,0,0,0,0,0,0,0,0,0,0,0,0,0,0,0,0,0,0,0,0,0,0,0,0,0,0,0,0,0,0,0,0,0,0,0,0,0
473.astar-359B,pythia_MTPS600,0.1274,100000001,784939405,7494862,1145430,6349432,1490851,254453,1236398,1502564,1933461,11258277,6232559,5025718,3475133,1943073,1532060,4862457,4862457,761486,1445817,44074,2208772,0,667.3212,88.0545,14.16711,60.86949,0,0,0,0,0,0,0,0,0,0,0,0,0,0,0,0,0,0,0,0,0,0,0,0,0,0,0,0,0,0,0,0,0,0,0,0,0,0,0,0,0,0,0,0,0,0,0,0,0,0,0,0,0,0,0,0,0,0,0,0,0,0,0,0,0,0,0,0,0,0
473.astar-359B,linucb_MTPS600,0.12672,100000001,789142975,7607190,1205380,6401810,1549419,280997,1268422,1500350,1933565,10709256,5574362,5134894,3475130,1799543,1675587,3754414,3754414,631620,1545784,128515,2178952,0,544.41589,88.0545,14.16711,60.8703,0,0,0,0,0,0,0,0,0,0,0,0,0,0,0,0,0,0,0,0,0,0,0,0,0,0,0,0,0,0,0,0,0,0,0,0,0,0,0,0,10117423,3013735,4101602,4150072,20721,4129351,3754414,14675,14485,3940523,0,4150072,799631,319895,479736,2827376,4101150,968954,2827376,4150072,0,3940523,0,0,0,0,0,0,0,0
473.astar-359B,tsetlin_MTPS600,0.11792,100000001,848063324,10306675,1687429,8619246,1964144,475105,1489039,1517348,1941269,12544200,4717205,7826995,3475130,1425944,2049186,6130222,6130222,392964,4639027,86084,5034305,0,468.54405,88.0545,14.16711,60.86976,0,0,0,0,0,0,0,0,0,0,0,0,0,0,0,0,0,0,0,0,0,13010766,3497290,4114488,4150072,43485,4106587,6130222,2596516,2373862,4150072,481926,188184,293742,3330679,4114004,502571,3330679,4150072,0,0,0,0,0,0,0,0,0,0,0,0,0,0,0,0,0,0,0,0,0,0,0,0,0,0,0,0,0,0,0
473.astar-359B,meta_selector_MTPS600,0.12228,100000001,817771765,10066791,1863287,8203504,1846811,508451,1338360,1538024,1914742,13066887,5482259,7584628,3475135,1560413,1914722,6851322,6851322,572964,4330660,69688,4906029,0,463.51624,88.0545,14.16711,60.8697,1993883,2028450,127744,48.04448,48.8774,3.07811,0.90955,1.02692,0.02029,0,0.00717,0.00484,4150077,112912,127744,664779,182289,3175265,335255,885,0.05,12880222,2416686,4114910,4150077,43485,4106592,6226745,2699154,2472345,4150077,481319,148027,333292,3329461,4114228,502647,3329461,4150077,0,12770633,2365104,4061037,4150077,41616,4108461,6363175,2728867,2737688,3941640,0,4150077,706130,219398,486732,2836954,4059123,853281,2836954,4150077,0,3941640,0,4150077,4149931,2509849,1639189,706353,357645,0
473.astar-359B,nopref_MTPS4800,0.12565,100000001,795833554,6199996,1166143,5033853,2059979,159202,1900777,1329474,1803602,7802236,4065335,3736901,3475133,1415154,2059979,0,0,0,0,0,0,0,303.66285,88.0545,14.16711,60.87086,0,0,0,0,0,0,0,0,0,0,0,0,0,0,0,0,0,0,0,0,0,0,0,0,0,0,0,0,0,0,0,0,0,0,0,0,0,0,0,0,0,0,0,0,0,0,0,0,0,0,0,0,0,0,0,0,0,0,0,0,0,0,0,0,0,0,0,0,0,0
473.astar-359B,spp_MTPS4800,0.12716,100000001,786414865,7440546,1723476,5717070,1935235,257057,1678178,1525678,1885174,8057309,4311127,3746182,3475135,1507131,1968004,2404106,2404106,130949,9835,32829,140791,0,403.96252,88.0545,14.16711,60.86866,0,0,0,0,0,0,0,0,0,0,0,0,0,0,0,0,0,0,0,0,0,0,0,0,0,0,0,0,0,0,0,0,0,0,0,0,0,0,0,0,0,0,0,0,0,0,0,0,0,0,0,0,0,0,0,0,0,0,0,0,0,0,0,0,0,0,0,0,0,0
473.astar-359B,bingo_MTPS4800,0.14291,100000001,699732668,15131497,4427156,10704341,1608501,458974,1149527,1630377,2092688,10688295,6053936,4634359,3475136,1860274,1614862,13072086,13072086,643524,964126,8046,1608928,0,342.85229,88.0545,14.16711,60.86531,0,0,0,0,0,0,0,0,0,0,0,0,0,0,0,0,0,0,0,0,0,0,0,0,0,0,0,0,0,0,0,0,0,0,0,0,0,0,0,0,0,0,0,0,0,0,0,0,0,0,0,0,0,0,0,0,0,0,0,0,0,0,0,0,0,0,0,0,0,0
473.astar-359B,mlop_MTPS4800,0.13752,100000001,727147812,8094337,1050904,7043433,1864683,598328,1266355,1577394,2204271,8131422,4263852,3867570,3475132,1608543,1866589,2623862,2623862,242542,152260,1934,394802,0,401.95003,88.0545,14.16711,60.86787,0,0,0,0,0,0,0,0,0,0,0,0,0,0,0,0,0,0,0,0,0,0,0,0,0,0,0,0,0,0,0,0,0,0,0,0,0,0,0,0,0,0,0,0,0,0,0,0,0,0,0,0,0,0,0,0,0,0,0,0,0,0,0,0,0,0,0,0,0,0
473.astar-359B,pythia_MTPS4800,0.14059,100000001,711280206,7628465,1267667,6360798,1491600,297194,1194406,1507076,1909122,11908682,6752443,5156239,3475134,1963655,1511479,5462146,5462146,823766,1531806,22741,2357155,0,349.19727,88.0545,14.16711,60.86826,0,0,0,0,0,0,0,0,0,0,0,0,0,0,0,0,0,0,0,0,0,0,0,0,0,0,0,0,0,0,0,0,0,0,0,0,0,0,0,0,0,0,0,0,0,0,0,0,0,0,0,0,0,0,0,0,0,0,0,0,0,0,0,0,0,0,0,0,0,0
473.astar-359B,linucb_MTPS4800,0.13661,100000001,732003402,7773526,1202344,6571182,1627497,273959,1353538,1503741,1926254,10722022,5420884,5301138,3475131,1810649,1664482,3656509,3656509,642739,1711396,39335,2355791,0,315.2072,88.0545,14.16711,60.86889,0,0,0,0,0,0,0,0,0,0,0,0,0,0,0,0,0,0,0,0,0,0,0,0,0,0,0,0,0,0,0,0,0,0,0,0,0,0,0,0,10216966,3081435,4064902,4150073,20721,4129352,3656509,39903,30578,4036789,0,4150073,666165,334386,331779,2939456,4064437,761252,2939456,4150073,0,4036789,0,0,0,0,0,0,0,0
473.astar-359B,tsetlin_MTPS4800,0.13133,100000001,761469510,11247759,1993979,9253780,2054084,581521,1472563,1526017,1909634,13592895,4827767,8765128,3475131,1366306,2108825,7204809,7204809,435618,5463602,55775,5901736,0,280.32117,88.0545,14.16711,60.8676,0,0,0,0,0,0,0,0,0,0,0,0,0,0,0,0,0,0,0,0,0,13878278,3477963,4114900,4150073,43485,4106588,7204809,3756759,3448050,4150073,481523,163050,318473,3331680,4114395,502748,3331680,4150073,0,0,0,0,0,0,0,0,0,0,0,0,0,0,0,0,0,0,0,0,0,0,0,0,0,0,0,0,0,0,0
473.astar-359B,meta_selector_MTPS4800,0.13578,100000001,736464887,10897222,2241302,8655920,1937377,611349,1326028,1545486,1857116,14076454,5664527,8411927,3475135,1497076,1978059,7879867,7879867,605071,5052005,42463,5659565,0,274.21171,88.0545,14.16711,60.86751,1966495,2050504,133078,47.38454,49.40882,3.20664,0.82354,0.81125,0.02034,0,0.00865,0.00484,4150077,117535,133078,661132,182200,3173667,335090,1174,0.05,13631455,2406999,4115312,4150077,43485,4106592,7193777,3752602,3441175,4150077,480611,137496,343115,3327992,4114635,501614,3327992,4150077,0,13510960,2373711,4069023,4150077,41615,4108462,7295322,3620264,3675058,4012399,0,4150077,688309,221319,466990,2908221,4067118,787855,2908221,4150077,0,4012399,0,4150077,4149931,2509778,1639260,706345,357635,0
473.astar-359B,tsetlin_no_dyn_deg,0.13052,100000001,766140935,8603087,1240323,7362764,1840053,297654,1542399,1496182,1961275,10785863,4655874,6129989,3475129,1565849,1909280,3729470,3729470,374000,2674931,70279,3050857,0,319.97925,88.0545,14.16711,60.86837,0,0,0,0,0,0,0,0,0,0,0,0,0,0,0,0,0,0,0,0,0,10999795,3542757,4115105,4150071,43485,4106586,3729470,0,0,4150071,460607,246010,214597,3318978,4114629,484351,3318978,4150071,3804564,0,0,0,0,0,0,0,0,0,0,0,0,0,0,0,0,0,0,0,0,0,0,0,0,0,0,0,0,0,0
473.astar-359B,linucb_no_dyn_deg,0.13643,100000001,732979241,7892690,1220554,6672136,1634177,289317,1344860,1500866,1939599,10904426,5483839,5420587,3475137,1804934,1670203,3873321,3873321,638269,1852636,38774,2492621,0,326.24224,88.0545,14.16711,60.86912,0,0,0,0,0,0,0,0,0,0,0,0,0,0,0,0,0,0,0,0,0,0,0,0,0,0,0,0,0,0,0,0,0,0,0,0,0,0,0,0,10621932,3270631,4044168,4150079,20723,4129356,3873321,0,0,4118541,0,4150079,672099,365220,306879,3206769,4043709,720454,3206769,4150079,4094842,4118541,0,0,0,0,0,0,0,0
473.astar-359B,tsetlin_no_featurewise,0.12766,100000001,783304649,10211030,1485205,8725825,2047149,419015,1628134,1490375,1967213,12236017,4504512,7731505,3475129,1380490,2094639,5518146,5518146,291523,4423238,47818,4717075,0,304.30707,88.0545,14.16711,60.86773,0,0,0,0,0,0,0,0,0,0,0,0,0,0,0,0,0,0,0,0,0,12002771,2976213,4108219,4150071,43485,4106586,5518146,3063037,2447613,4150071,352323,114354,237969,2768659,4107720,378889,2768659,0,0,0,0,0,0,0,0,0,0,0,0,0,0,0,0,0,0,0,0,0,0,0,0,0,0,0,0,0,0,0,0
473.astar-359B,linucb_no_featurewise,0.13795,100000001,724892505,7584774,1180780,6403994,1577917,276328,1301589,1500991,1942407,10804265,5690378,5113887,3475136,1876272,1598864,3695858,3695858,690556,1509559,24060,2201679,0,335.4008,88.0545,14.16711,60.8688,0,0,0,0,0,0,0,0,0,0,0,0,0,0,0,0,0,0,0,0,0,0,0,0,0,0,0,0,0,0,0,0,0,0,0,0,0,0,0,0,10151242,3034487,4027598,4150078,20724,4129354,3695858,37523,18853,3975954,0,4150078,720328,371698,348630,2858474,4027143,858900,2858474,0,0,3975954,0,0,0,0,0,0,0,0
473.astar-359B,meta_selector_no_explore,0.13475,100000001,742089629,10899007,2251682,8647325,1956991,612401,1344590,1545436,1844384,14084698,5671017,8413681,3475132,1481329,1993803,7848384,7848384,586966,5038789,38702,5628163,0,280.7505,88.0545,14.16711,60.8675,1934749,2080590,134735,46.61963,50.13381,3.24657,0.88258,0.78755,0.00307,0,0.01141,0.00484,4150074,116776,134735,672035,0,3343304,333599,1200,0,13605193,2375359,4114800,4150074,43485,4106589,7197997,3748013,3440895,4150074,484706,120554,364152,3328163,4114215,506294,3328163,4150074,0,13488012,2401898,4041840,4150074,41619,4108455,7159229,3600563,3557688,3995950,0,4150074,652653,234321,418332,2905912,4036756,765736,2905912,4150074,0,3995950,0,4150074,4149928,2509986,1639049,706357,357646,0
473.astar-359B,linucb_no_suppress,0.13672,100000001,731430491,7970795,1241269,6729526,1598381,288279,1310102,1505770,1924274,10951853,5453298,5498555,3475138,1839016,1636122,3931563,3931563,672668,1931977,40477,2606407,0,350.87331,88.0545,14.16711,60.86848,0,0,0,0,0,0,0,0,0,0,0,0,0,0,0,0,0,0,0,0,0,0,0,0,0,0,0,0,0,0,0,0,0,0,0,0,0,0,0,0,10741823,3382876,4094889,4150080,20722,4129358,3931563,2309,1418,0,0,4150080,722650,427956,294694,3206841,4094427,766065,3206841,4150080,4140493,4119579,0,0,0,0,0,0,0,0
483.xalancbmk-127B,nopref,0.28531,100000001,350491318,2815804,668689,2147115,2785612,646994,2138618,5853,2644,2973454,176989,2796465,2912373,126761,2785612,0,0,0,0,0,0,0,116.42116,99.09897,2.33103,161.96601,0,0,0,0,0,0,0,0,0,0,0,0,0,0,0,0,0,0,0,0,0,0,0,0,0,0,0,0,0,0,0,0,0,0,0,0,0,0,0,0,0,0,0,0,0,0,0,0,0,0,0,0,0,0,0,0,0,0,0,0,0,0,0,0,0,0,0,0,0,0
483.xalancbmk-127B,spp,0.28802,100000001,347202573,3231848,782902,2448946,2781723,573746,2207977,6010,816,3034136,236993,2797143,2912378,129716,2782662,695407,695407,3570,817,941,4390,0,117.1079,99.09897,2.33103,161.95494,0,0,0,0,0,0,0,0,0,0,0,0,0,0,0,0,0,0,0,0,0,0,0,0,0,0,0,0,0,0,0,0,0,0,0,0,0,0,0,0,0,0,0,0,0,0,0,0,0,0,0,0,0,0,0,0,0,0,0,0,0,0,0,0,0,0,0,0,0,0
483.xalancbmk-127B,bingo,0.34098,100000001,293275607,9932128,1752994,8179134,2534660,1498445,1036215,8669,4683,3350566,427499,2923067,2912371,322423,2589948,9067439,9067439,241205,150166,57322,391636,0,106.17113,99.09897,2.33103,161.97674,0,0,0,0,0,0,0,0,0,0,0,0,0,0,0,0,0,0,0,0,0,0,0,0,0,0,0,0,0,0,0,0,0,0,0,0,0,0,0,0,0,0,0,0,0,0,0,0,0,0,0,0,0,0,0,0,0,0,0,0,0,0,0,0,0,0,0,0,0,0
483.xalancbmk-127B,mlop,0.32632,100000001,306451047,6021571,1404265,4617306,2782845,1266920,1515925,7296,2173,2981776,180929,2800847,2912355,129175,2783180,4403962,4403962,2710,4063,335,6773,0,95.19446,99.09897,2.33103,161.96178,0,0,0,0,0,0,0,0,0,0,0,0,0,0,0,0,0,0,0,0,0,0,0,0,0,0,0,0,0,0,0,0,0,0,0,0,0,0,0,0,0,0,0,0,0,0,0,0,0,0,0,0,0,0,0,0,0,0,0,0,0,0,0,0,0,0,0,0,0,0
483.xalancbmk-127B,pythia,0.34197,100000001,292425561,4338971,751112,3587859,1614174,274927,1339247,5411,2779,7201938,2882433,4319505,2912390,1046023,1866367,6441823,6441669,1188268,1787459,260865,2977278,154,131.7329,99.09897,2.33103,161.87352,0,0,0,0,0,0,0,0,0,0,0,0,0,0,0,0,0,0,0,0,0,0,0,0,0,0,0,0,0,0,0,0,0,0,0,0,0,0,0,0,0,0,0,0,0,0,0,0,0,0,0,0,0,0,0,0,0,0,0,0,0,0,0,0,0,0,0,0,0,0
483.xalancbmk-127B,linucb,0.32681,100000001,305986160,3884149,722468,3161681,1940448,365100,1575348,5346,2449,5181835,1317226,3864609,2912360,768301,2144059,3170561,3170561,831930,1237362,210248,2070724,0,128.05904,99.09897,2.33103,161.87724,0,0,0,0,0,0,0,0,0,0,0,0,0,0,0,0,0,0,0,0,0,0,0,0,0,0,0,0,0,0,0,0,0,0,0,0,0,0,0,0,8935176,3562005,3243890,3484438,17529,3466909,3170561,32525,31095,3450611,0,3484438,1275690,803168,472522,1856616,3243577,1322760,1856616,3484438,0,3450611,0,0,0,0,0,0,0,0
483.xalancbmk-127B,tsetlin,0.3264,100000001,306371646,5031670,678674,4352996,1846318,275484,1570834,4981,1725,7119305,2107068,5012237,2912353,947505,1964848,5573464,5570631,1052397,2546686,123807,3601173,2833,142.42281,99.09897,2.33103,161.8767,0,0,0,0,0,0,0,0,0,0,0,0,0,0,0,0,0,0,0,0,0,10157286,2928348,3403142,3484430,36711,3447719,5573464,2932185,2602826,3484430,967404,569044,398360,2029636,3402793,985174,2029636,3484430,0,0,0,0,0,0,0,0,0,0,0,0,0,0,0,0,0,0,0,0,0,0,0,0,0,0,0,0,0,0,0
483.xalancbmk-127B,meta_selector,0.33682,100000001,296896966,4958741,706293,4252448,1683347,259483,1423864,5001,1815,7585236,2646179,4939057,2912322,1038856,1873466,6527199,6521997,1164486,2476558,196922,3643142,5202,141.86023,99.09897,2.33103,161.86898,1738639,1630559,115201,49.89782,46.79599,3.30619,1.02396,1.22593,0,0,0.0285,0.00305,3484399,110553,115201,724605,133205,2511388,264081,311,0.05,10210340,2515373,3402617,3484399,36681,3447718,5605187,2949468,2624413,3484399,975654,480754,494900,2033069,3402085,992050,2033069,3484399,0,10372359,2616337,3272598,3484399,34729,3449670,6077455,3004557,3044438,3315730,0,3484399,1261622,430011,831611,1755672,3144498,1315955,1755672,3484399,0,3315730,0,3484399,3293617,2628115,657024,222027,115448,0
483.xalancbmk-127B,nopref_MTPS600,0.2732,100000001,366027277,2815791,668707,2147084,2785595,647022,2138573,5865,2646,2973452,177005,2796447,2912370,126775,2785595,0,0,0,0,0,0,0,131.63736,99.09897,2.33103,161.97898,0,0,0,0,0,0,0,0,0,0,0,0,0,0,0,0,0,0,0,0,0,0,0,0,0,0,0,0,0,0,0,0,0,0,0,0,0,0,0,0,0,0,0,0,0,0,0,0,0,0,0,0,0,0,0,0,0,0,0,0,0,0,0,0,0,0,0,0,0,0
483.xalancbmk-127B,spp_MTPS600,0.27327,100000001,365933188,3221879,789979,2431900,2781797,581724,2200073,5946,931,3032854,235750,2797104,2912368,129609,2782759,699879,699878,3482,771,964,4253,1,135.0848,99.09897,2.33103,161.9661,0,0,0,0,0,0,0,0,0,0,0,0,0,0,0,0,0,0,0,0,0,0,0,0,0,0,0,0,0,0,0,0,0,0,0,0,0,0,0,0,0,0,0,0,0,0,0,0,0,0,0,0,0,0,0,0,0,0,0,0,0,0,0,0,0,0,0,0,0,0
483.xalancbmk-127B,bingo_MTPS600,0.18899,100000001,529133085,9762046,1594666,8167380,2531658,1329847,1201811,8481,4459,3334841,411290,2923551,2912368,306395,2605973,9069973,9069973,225202,150628,76353,376096,0,318.26249,99.09897,2.33103,161.95653,0,0,0,0,0,0,0,0,0,0,0,0,0,0,0,0,0,0,0,0,0,0,0,0,0,0,0,0,0,0,0,0,0,0,0,0,0,0,0,0,0,0,0,0,0,0,0,0,0,0,0,0,0,0,0,0,0,0,0,0,0,0,0,0,0,0,0,0,0,0
483.xalancbmk-127B,mlop_MTPS600,0.26383,100000001,379037853,5936265,1329380,4606885,2782763,1179793,1602970,7209,2142,2981042,180393,2800649,2912353,128777,2783576,4408062,4408062,2296,3895,813,6191,0,151.30371,99.09897,2.33103,161.95259,0,0,0,0,0,0,0,0,0,0,0,0,0,0,0,0,0,0,0,0,0,0,0,0,0,0,0,0,0,0,0,0,0,0,0,0,0,0,0,0,0,0,0,0,0,0,0,0,0,0,0,0,0,0,0,0,0,0,0,0,0,0,0,0,0,0,0,0,0,0
483.xalancbmk-127B,pythia_MTPS600,0.28953,100000001,345384519,4279097,750864,3528233,1612554,276862,1335692,5396,2731,6997895,2738248,4259647,2912400,940630,1971770,6362056,6361937,1082567,1728031,367894,2812070,119,204.79878,99.09897,2.33103,161.88907,0,0,0,0,0,0,0,0,0,0,0,0,0,0,0,0,0,0,0,0,0,0,0,0,0,0,0,0,0,0,0,0,0,0,0,0,0,0,0,0,0,0,0,0,0,0,0,0,0,0,0,0,0,0,0,0,0,0,0,0,0,0,0,0,0,0,0,0,0,0
483.xalancbmk-127B,linucb_MTPS600,0.2851,100000001,350750717,3918580,713234,3205346,1976251,371661,1604590,5314,2469,5111412,1212339,3899073,2912347,700940,2211407,3100752,3100752,764928,1271234,241791,2037622,0,181.27755,99.09897,2.33103,161.90359,0,0,0,0,0,0,0,0,0,0,0,0,0,0,0,0,0,0,0,0,0,0,0,0,0,0,0,0,0,0,0,0,0,0,0,0,0,0,0,0,8864047,3487767,3222426,3484425,17348,3467077,3100752,21897,20751,3436154,0,3484425,1205385,743658,461727,1861282,3222086,1246942,1861282,3484425,0,3436154,0,0,0,0,0,0,0,0
483.xalancbmk-127B,tsetlin_MTPS600,0.2699,100000001,370501936,4546000,680822,3865178,1972470,300535,1671935,4977,1693,6058377,1531900,4526477,2912344,779888,2132456,4443604,4442217,882665,2063670,165258,2948350,1387,215.4898,99.09897,2.33103,161.90234,0,0,0,0,0,0,0,0,0,0,0,0,0,0,0,0,0,0,0,0,0,9501192,3044261,3402119,3484421,36711,3447710,4443604,1664429,1477300,3484421,970274,591918,378356,2017206,3401704,987317,2017206,3484421,0,0,0,0,0,0,0,0,0,0,0,0,0,0,0,0,0,0,0,0,0,0,0,0,0,0,0,0,0,0,0
483.xalancbmk-127B,meta_selector_MTPS600,0.27658,100000001,361556766,4494133,705009,3789124,1826999,281816,1545183,5027,1824,6373030,1898512,4474518,2912330,838049,2074281,5183556,5181424,961316,2015066,254076,2978312,2132,213.15978,99.09897,2.33103,161.87837,1729315,1637632,117460,49.63011,46.99887,3.37102,0.86168,2.15219,0,0.00414,0.02037,0.00305,3484407,113224,117460,751141,131769,2484037,261289,197,0.05,9529072,2524190,3403645,3484407,36681,3447726,4455511,1675004,1489766,3484407,962366,473063,489303,2027361,3403102,978753,2027361,3484407,0,9631745,2556533,3332389,3484407,34894,3449513,4727378,1702333,1710370,3249020,0,3484407,1245840,402657,843183,1721561,3204298,1332013,1721561,3484407,0,3249020,0,3484407,3293615,2628160,656981,222133,115471,0
483.xalancbmk-127B,nopref_MTPS4800,0.28666,100000001,348839896,2815798,668675,2147123,2785604,646982,2138622,5856,2645,2973454,176996,2796458,2912373,126769,2785604,0,0,0,0,0,0,0,114.57444,99.09897,2.33103,161.95519,0,0,0,0,0,0,0,0,0,0,0,0,0,0,0,0,0,0,0,0,0,0,0,0,0,0,0,0,0,0,0,0,0,0,0,0,0,0,0,0,0,0,0,0,0,0,0,0,0,0,0,0,0,0,0,0,0,0,0,0,0,0,0,0,0,0,0,0,0,0
483.xalancbmk-127B,spp_MTPS4800,0.28949,100000001,345432322,3230428,780538,2449890,2781772,572408,2209364,5971,828,3034105,236939,2797166,2912372,129703,2782669,694375,694375,3566,841,899,4408,0,115.14504,99.09897,2.33103,161.94459,0,0,0,0,0,0,0,0,0,0,0,0,0,0,0,0,0,0,0,0,0,0,0,0,0,0,0,0,0,0,0,0,0,0,0,0,0,0,0,0,0,0,0,0,0,0,0,0,0,0,0,0,0,0,0,0,0,0,0,0,0,0,0,0,0,0,0,0,0,0
483.xalancbmk-127B,bingo_MTPS4800,0.36047,100000001,277416931,9977458,1797448,8180010,2535754,1544957,990797,8766,4844,3357596,434676,2922920,2912360,329384,2582976,9064999,9064999,248189,150007,49256,398459,0,91.28443,99.09897,2.33103,161.97834,0,0,0,0,0,0,0,0,0,0,0,0,0,0,0,0,0,0,0,0,0,0,0,0,0,0,0,0,0,0,0,0,0,0,0,0,0,0,0,0,0,0,0,0,0,0,0,0,0,0,0,0,0,0,0,0,0,0,0,0,0,0,0,0,0,0,0,0,0,0
483.xalancbmk-127B,mlop_MTPS4800,0.33047,100000001,302597369,6034075,1417980,4616095,2782829,1282649,1500180,7293,2080,2982274,181109,2801165,2912356,129392,2782964,4399997,4399997,2959,4341,135,7300,0,91.95204,99.09897,2.33103,161.94893,0,0,0,0,0,0,0,0,0,0,0,0,0,0,0,0,0,0,0,0,0,0,0,0,0,0,0,0,0,0,0,0,0,0,0,0,0,0,0,0,0,0,0,0,0,0,0,0,0,0,0,0,0,0,0,0,0,0,0,0,0,0,0,0,0,0,0,0,0,0
483.xalancbmk-127B,pythia_MTPS4800,0.34487,100000001,289966166,4335164,742299,3592865,1637639,282697,1354942,5366,2739,7094323,2778641,4315682,2912386,1046588,1865798,6214430,6214327,1189172,1783120,236831,2973851,103,125.84077,99.09897,2.33103,161.8642,0,0,0,0,0,0,0,0,0,0,0,0,0,0,0,0,0,0,0,0,0,0,0,0,0,0,0,0,0,0,0,0,0,0,0,0,0,0,0,0,0,0,0,0,0,0,0,0,0,0,0,0,0,0,0,0,0,0,0,0,0,0,0,0,0,0,0,0,0,0
483.xalancbmk-127B,linucb_MTPS4800,0.33013,100000001,302910155,3884285,725421,3158864,1938088,363227,1574861,5341,2458,5212473,1347691,3864782,2912360,792484,2119876,3186095,3186095,856061,1237598,188423,2095072,0,123.77619,99.09897,2.33103,161.86334,0,0,0,0,0,0,0,0,0,0,0,0,0,0,0,0,0,0,0,0,0,0,0,0,0,0,0,0,0,0,0,0,0,0,0,0,0,0,0,0,8962252,3583568,3256213,3484438,17664,3466774,3186095,32671,31578,3450983,0,3484438,1285404,826992,458412,1861963,3255901,1333643,1861963,3484438,0,3450983,0,0,0,0,0,0,0,0
483.xalancbmk-127B,tsetlin_MTPS4800,0.33024,100000001,302807339,5052538,680927,4371611,1853063,276302,1576761,4934,1744,7170297,2137267,5033030,2912352,962508,1949844,5574947,5571887,1068215,2566553,102051,3636861,3060,134.80448,99.09897,2.33103,161.85745,0,0,0,0,0,0,0,0,0,0,0,0,0,0,0,0,0,0,0,0,0,10180102,2922198,3403158,3484429,36711,3447718,5574947,2956828,2617038,3484429,962420,575139,387281,2022444,3402754,979030,2022444,3484429,0,0,0,0,0,0,0,0,0,0,0,0,0,0,0,0,0,0,0,0,0,0,0,0,0,0,0,0,0,0,0
483.xalancbmk-127B,meta_selector_MTPS4800,0.34122,100000001,293068094,4985893,702336,4283557,1687828,258970,1428858,4947,1804,7677699,2711382,4966317,2912315,1063787,1848528,6556274,6550726,1190020,2503115,167505,3695168,5548,134.8983,99.09897,2.33103,161.85672,1750512,1619539,114341,50.23866,46.47982,3.28152,0.80824,1.40225,0.0042,0.04902,0.02901,0.00305,3484392,109768,114341,733445,132816,2503790,263291,315,0.05,10248093,2507969,3403717,3484392,36681,3447711,5598556,2967169,2630280,3484392,965741,485836,479905,2029398,3403229,981944,2029398,3484392,0,10425357,2616920,3276976,3484392,35151,3449241,6123853,3037884,3085472,3315016,0,3484392,1265404,438988,826416,1756533,3148875,1320812,1756533,3484392,0,3315016,0,3484392,3293619,2628171,656973,222083,115469,0
483.xalancbmk-127B,tsetlin_no_dyn_deg,0.30467,100000001,328222671,3968927,645014,3323913,2300888,417864,1883024,5255,1712,4871578,922071,3949507,2912374,548327,2364047,2446272,2446265,537835,1325229,65394,1864636,7,130.41846,99.09897,2.33103,161.9109,0,0,0,0,0,0,0,0,0,0,0,0,0,0,0,0,0,0,0,0,0,7871831,2595416,3423890,3484450,36701,3447749,2446272,0,0,3484450,675315,521990,153325,1636659,3423561,701744,1636659,3484450,2339775,0,0,0,0,0,0,0,0,0,0,0,0,0,0,0,0,0,0,0,0,0,0,0,0,0,0,0,0,0,0
483.xalancbmk-127B,linucb_no_dyn_deg,0.33154,100000001,301621924,3958530,727761,3230769,1882862,354062,1528800,5363,2676,5167238,1228204,3939034,2912350,809775,2102575,3152094,3152094,883290,1331013,227920,2215743,0,127.18711,99.09897,2.33103,161.86606,0,0,0,0,0,0,0,0,0,0,0,0,0,0,0,0,0,0,0,0,0,0,0,0,0,0,0,0,0,0,0,0,0,0,0,0,0,0,0,0,9059860,3796697,3276833,3484428,17375,3467053,3152094,0,0,3464809,0,3484428,1373359,876713,496646,1781925,3276516,1423673,1781925,3484428,3257717,3464809,0,0,0,0,0,0,0,0
483.xalancbmk-127B,tsetlin_no_featurewise,0.31685,100000001,315608344,4800258,652048,4148210,2018678,315549,1703129,5113,1608,6447565,1666648,4780917,2912347,802037,2110310,4531273,4530135,870274,2292541,95709,3164829,1138,139.91006,99.09897,2.33103,161.88832,0,0,0,0,0,0,0,0,0,0,0,0,0,0,0,0,0,0,0,0,0,9409752,2754173,3228220,3484424,36711,3447713,4531273,2475414,2039601,3484424,735491,495294,240197,1775809,3227789,765723,1775809,0,0,0,0,0,0,0,0,0,0,0,0,0,0,0,0,0,0,0,0,0,0,0,0,0,0,0,0,0,0,0,0
483.xalancbmk-127B,linucb_no_featurewise,0.32127,100000001,311260086,4010130,723697,3286433,1979640,363839,1615801,5225,2316,5075256,1084506,3990750,2912382,773383,2138999,2876380,2876380,840206,1370991,165284,2212750,0,127.5859,99.09897,2.33103,161.88245,0,0,0,0,0,0,0,0,0,0,0,0,0,0,0,0,0,0,0,0,0,0,0,0,0,0,0,0,0,0,0,0,0,0,0,0,0,0,0,0,8925410,3747687,3124356,3484459,17462,3466997,2876380,8541,8282,3452038,0,3484459,1182658,825552,357106,1696852,3123984,1210625,1696852,0,0,3452038,0,0,0,0,0,0,0,0
483.xalancbmk-127B,meta_selector_no_explore,0.33646,100000001,297212511,4972705,699582,4273123,1687655,259181,1428474,4996,1809,7579556,2626501,4953055,2912316,1035688,1876628,6494111,6488975,1158182,2488433,195686,3648744,5136,142.13627,99.09897,2.33103,161.85861,1763936,1596378,124079,50.62391,45.81509,3.56099,1.5102,0.90017,0.05282,0.00026,0.02853,0.00305,3484393,119032,124079,774974,0,2585340,258186,252,0,10197110,2503969,3402474,3484393,36683,3447710,5555209,2931721,2592846,3484393,962571,478127,484444,2029342,3401975,978653,2029342,3484393,0,10320232,2563061,3280589,3484393,35142,3449251,5978710,2955117,2995419,3256030,0,3484393,1241479,416727,824752,1721212,3097533,1298661,1721212,3484393,0,3256030,0,3484393,3293606,2628083,657049,221994,115422,0
483.xalancbmk-127B,linucb_no_suppress,0.33053,100000001,302547622,3973697,730665,3243032,1897403,354261,1543142,5316,2501,5185023,1230802,3954221,2912364,793322,2119042,3158990,3158990,859608,1353607,225638,2214647,0,127.29015,99.09897,2.33103,161.87306,0,0,0,0,0,0,0,0,0,0,0,0,0,0,0,0,0,0,0,0,0,0,0,0,0,0,0,0,0,0,0,0,0,0,0,0,0,0,0,0,9052326,3735406,3289680,3484441,17339,3467102,3158990,864,513,0,0,3484441,1326366,852725,473641,1836356,3289373,1369761,1836356,3484441,3258565,3465251,0,0,0,0,0,0,0,0
602.gcc_s-1850B,nopref,0.23852,100000001,419245777,1779713,545,1779168,1776474,521,1775953,788,2427,2722384,945122,1777262,2715147,938673,1776474,0,0,0,0,0,0,0,106.78199,96.286,8.72037,84.33295,0,0,0,0,0,0,0,0,0,0,0,0,0,0,0,0,0,0,0,0,0,0,0,0,0,0,0,0,0,0,0,0,0,0,0,0,0,0,0,0,0,0,0,0,0,0,0,0,0,0,0,0,0,0,0,0,0,0,0,0,0,0,0,0,0,0,0,0,0,0
602.gcc_s-1850B,spp,0.35792,100000001,279394322,11132428,9334587,1797841,572922,514996,57926,270,556,5167601,3388274,1779327,2715183,1892540,822643,15402918,15402918,1189263,2923,249733,1192196,0,33.10676,96.286,8.72037,84.11883,0,0,0,0,0,0,0,0,0,0,0,0,0,0,0,0,0,0,0,0,0,0,0,0,0,0,0,0,0,0,0,0,0,0,0,0,0,0,0,0,0,0,0,0,0,0,0,0,0,0,0,0,0,0,0,0,0,0,0,0,0,0,0,0,0,0,0,0,0,0
602.gcc_s-1850B,bingo,0.37749,100000001,264909060,1904856,44806,1860050,93451,28975,64476,324,1142,4448694,2641418,1807276,2715185,2621272,93913,2181789,2181789,2014845,37024,530,2052050,0,274.66977,96.286,8.72037,84.11792,0,0,0,0,0,0,0,0,0,0,0,0,0,0,0,0,0,0,0,0,0,0,0,0,0,0,0,0,0,0,0,0,0,0,0,0,0,0,0,0,0,0,0,0,0,0,0,0,0,0,0,0,0,0,0,0,0,0,0,0,0,0,0,0,0,0,0,0,0,0
602.gcc_s-1850B,mlop,0.38239,100000001,261511436,2422209,588305,1833904,37447,3255,34192,10,555,4557961,2684173,1873788,2715185,2676966,38219,3152261,3152261,2085917,126407,860,2212575,0,102.97831,96.286,8.72037,84.10847,0,0,0,0,0,0,0,0,0,0,0,0,0,0,0,0,0,0,0,0,0,0,0,0,0,0,0,0,0,0,0,0,0,0,0,0,0,0,0,0,0,0,0,0,0,0,0,0,0,0,0,0,0,0,0,0,0,0,0,0,0,0,0,0,0,0,0,0,0,0
602.gcc_s-1850B,pythia,0.3772,100000001,265108899,1797827,2928,1794899,39480,327,39153,19,2075,10795501,9000125,1795376,2715184,2623459,91725,11754389,11754389,2032380,23692,52485,2056189,0,107.42793,96.286,8.72037,84.10847,0,0,0,0,0,0,0,0,0,0,0,0,0,0,0,0,0,0,0,0,0,0,0,0,0,0,0,0,0,0,0,0,0,0,0,0,0,0,0,0,0,0,0,0,0,0,0,0,0,0,0,0,0,0,0,0,0,0,0,0,0,0,0,0,0,0,0,0,0,0
602.gcc_s-1850B,linucb,0.32975,100000001,303264296,1802902,10247,1792655,338565,527,338038,250,2116,5261976,3461527,1800449,2715163,2116809,598354,3502709,3502709,1460546,29527,259937,1490192,0,102.83794,96.286,8.72037,84.18027,0,0,0,0,0,0,0,0,0,0,0,0,0,0,0,0,0,0,0,0,0,0,0,0,0,0,0,0,0,0,0,0,0,0,0,0,0,0,0,0,7812516,3516795,2869793,3258386,16363,3242023,3502709,866391,827364,3240979,0,3258386,2007782,1093080,914702,679019,2869609,2044903,679019,3258386,0,3240979,0,0,0,0,0,0,0,0
602.gcc_s-1850B,tsetlin,0.34307,100000001,291487991,1845687,41600,1804087,306360,302,306058,85,1600,6485739,4642505,1843234,2715170,2261755,453415,5106800,5106800,1622717,79001,147184,1702050,0,103.77709,96.286,8.72037,84.17923,0,0,0,0,0,0,0,0,0,0,0,0,0,0,0,0,0,0,0,0,0,7807956,2556570,3140210,3258393,34506,3223887,5106800,2716611,2388097,3258393,1912907,491655,1421252,859609,3139991,1936568,859609,3258393,0,0,0,0,0,0,0,0,0,0,0,0,0,0,0,0,0,0,0,0,0,0,0,0,0,0,0,0,0,0,0
602.gcc_s-1850B,meta_selector,0.35592,100000001,280964500,1863121,50200,1812921,204655,328,204327,77,1606,9044783,7184115,1860668,2715174,2410054,305120,8133412,8133403,1787878,100214,100554,1888471,9,111.60636,96.286,8.72037,84.14448,1972064,1130773,155560,60.52252,34.70335,4.77413,1.02328,0.83673,0.44639,0.07455,0.15805,0.56345,3258397,102539,155560,835516,114588,2152733,226645,910,0.05,7994081,2520482,3138489,3258397,34506,3223891,5085021,2701659,2367791,3258397,1908008,471163,1436845,867562,3137960,1930621,867562,3258397,0,8119237,2699248,2938956,3258397,32587,3225810,10351739,2652928,7698811,3147421,0,3258397,2001704,363183,1638521,663711,2858335,2044221,663711,3258397,0,3147421,0,3258397,3258357,2456949,767757,2592611,1309095,0
602.gcc_s-1850B,nopref_MTPS600,0.23833,100000001,419592495,1779713,545,1779168,1776474,521,1775953,788,2427,2722384,945122,1777262,2715147,938673,1776474,0,0,0,0,0,0,0,107.06128,96.286,8.72037,84.3677,0,0,0,0,0,0,0,0,0,0,0,0,0,0,0,0,0,0,0,0,0,0,0,0,0,0,0,0,0,0,0,0,0,0,0,0,0,0,0,0,0,0,0,0,0,0,0,0,0,0,0,0,0,0,0,0,0,0,0,0,0,0,0,0,0,0,0,0,0,0
602.gcc_s-1850B,spp_MTPS600,0.35544,100000001,281342834,10202948,8405311,1797637,572588,514001,58587,258,505,5133848,3354558,1779290,2715183,1863264,851919,15401431,15401431,1159984,2884,279344,1162880,0,34.03734,96.286,8.72037,84.11966,0,0,0,0,0,0,0,0,0,0,0,0,0,0,0,0,0,0,0,0,0,0,0,0,0,0,0,0,0,0,0,0,0,0,0,0,0,0,0,0,0,0,0,0,0,0,0,0,0,0,0,0,0,0,0,0,0,0,0,0,0,0,0,0,0,0,0,0,0,0
602.gcc_s-1850B,bingo_MTPS600,0.36897,100000001,271025918,1902953,43541,1859412,93698,28890,64808,337,1184,4300957,2494150,1806807,2715186,2474984,240202,2178820,2178820,1868545,36557,146572,1905283,0,839.96832,96.286,8.72037,84.12222,0,0,0,0,0,0,0,0,0,0,0,0,0,0,0,0,0,0,0,0,0,0,0,0,0,0,0,0,0,0,0,0,0,0,0,0,0,0,0,0,0,0,0,0,0,0,0,0,0,0,0,0,0,0,0,0,0,0,0,0,0,0,0,0,0,0,0,0,0,0
602.gcc_s-1850B,mlop_MTPS600,0.37671,100000001,265457112,2293054,458471,1834583,37909,3329,34580,15,648,4440107,2588098,1852009,2715185,2580914,134271,3130499,3130499,1989792,104700,96452,2094721,0,252.99587,96.286,8.72037,84.11013,0,0,0,0,0,0,0,0,0,0,0,0,0,0,0,0,0,0,0,0,0,0,0,0,0,0,0,0,0,0,0,0,0,0,0,0,0,0,0,0,0,0,0,0,0,0,0,0,0,0,0,0,0,0,0,0,0,0,0,0,0,0,0,0,0,0,0,0,0,0
602.gcc_s-1850B,pythia_MTPS600,0.37207,100000001,268765749,1797741,2757,1794984,39470,305,39165,18,2060,10142574,8347285,1795289,2715184,2455743,259441,11753713,11753713,1864671,23595,220208,1888390,0,129.85847,96.286,8.72037,84.10871,0,0,0,0,0,0,0,0,0,0,0,0,0,0,0,0,0,0,0,0,0,0,0,0,0,0,0,0,0,0,0,0,0,0,0,0,0,0,0,0,0,0,0,0,0,0,0,0,0,0,0,0,0,0,0,0,0,0,0,0,0,0,0,0,0,0,0,0,0,0
602.gcc_s-1850B,linucb_MTPS600,0.31637,100000001,316088002,1811354,11880,1799474,490608,581,490027,379,1891,4931986,3123085,1808901,2715163,1985256,729907,3083294,3083294,1328884,37933,239432,1366963,0,120.81631,96.286,8.72037,84.19497,0,0,0,0,0,0,0,0,0,0,0,0,0,0,0,0,0,0,0,0,0,0,0,0,0,0,0,0,0,0,0,0,0,0,0,0,0,0,0,0,7615265,3392174,2763804,3258386,16363,3242023,3083294,649125,587960,3240906,0,3258386,1819848,1040610,779238,699811,2763569,1852911,699811,3258386,0,3240906,0,0,0,0,0,0,0,0
602.gcc_s-1850B,tsetlin_MTPS600,0.33213,100000001,301086361,1845244,42786,1802458,340232,374,339858,106,1650,5823249,3980458,1842791,2715171,2113415,601756,4434464,4434464,1474339,78535,261685,1553204,0,122.60918,96.286,8.72037,84.19218,0,0,0,0,0,0,0,0,0,0,0,0,0,0,0,0,0,0,0,0,0,7629107,2724804,3138646,3258394,34506,3223888,4434464,2005181,1747088,3258394,1888542,677199,1211343,859968,3138413,1911833,859968,3258394,0,0,0,0,0,0,0,0,0,0,0,0,0,0,0,0,0,0,0,0,0,0,0,0,0,0,0,0,0,0,0
602.gcc_s-1850B,meta_selector_MTPS600,0.33445,100000001,298994461,1852887,43236,1809651,315221,383,314838,110,1658,7957708,6107274,1850434,2715170,2190147,525023,7044747,7044738,1567929,90032,209921,1658273,9,134.31277,96.286,8.72037,84.16279,1870577,1192611,195205,57.40796,36.6012,5.99084,1.22995,0.93482,0.37678,0.11765,0.16205,0.56345,3258393,127524,195205,1011045,103755,1948388,205102,366,0.05,7757583,2569548,3140651,3258393,34506,3223887,4463462,2006185,1750762,3258393,1901535,527434,1374101,868516,3140371,1925318,868516,3258393,0,7787234,2737516,2790456,3258393,32596,3225797,7678638,2402631,5276007,3147358,0,3258393,1773812,472918,1300894,661229,2709798,1808575,661229,3258393,0,3147358,0,3258393,3258353,2456947,767755,2592643,1309111,0
602.gcc_s-1850B,nopref_MTPS4800,0.23854,100000001,419215125,1779713,545,1779168,1776474,521,1775953,788,2427,2722384,945122,1777262,2715147,938673,1776474,0,0,0,0,0,0,0,106.7552,96.286,8.72037,84.32277,0,0,0,0,0,0,0,0,0,0,0,0,0,0,0,0,0,0,0,0,0,0,0,0,0,0,0,0,0,0,0,0,0,0,0,0,0,0,0,0,0,0,0,0,0,0,0,0,0,0,0,0,0,0,0,0,0,0,0,0,0,0,0,0,0,0,0,0,0,0
602.gcc_s-1850B,spp_MTPS4800,0.35794,100000001,279372991,11173971,9376131,1797840,572922,515012,57910,270,555,5167598,3388271,1779327,2715183,1892537,822646,15402918,15402918,1189260,2923,249736,1192193,0,33.05817,96.286,8.72037,84.11882,0,0,0,0,0,0,0,0,0,0,0,0,0,0,0,0,0,0,0,0,0,0,0,0,0,0,0,0,0,0,0,0,0,0,0,0,0,0,0,0,0,0,0,0,0,0,0,0,0,0,0,0,0,0,0,0,0,0,0,0,0,0,0,0,0,0,0,0,0,0
602.gcc_s-1850B,bingo_MTPS4800,0.37762,100000001,264818862,1905062,44711,1860351,93442,28948,64494,325,1145,4448832,2641511,1807321,2715185,2621384,93801,2181972,2181972,2014956,37069,428,2052206,0,179.89903,96.286,8.72037,84.11756,0,0,0,0,0,0,0,0,0,0,0,0,0,0,0,0,0,0,0,0,0,0,0,0,0,0,0,0,0,0,0,0,0,0,0,0,0,0,0,0,0,0,0,0,0,0,0,0,0,0,0,0,0,0,0,0,0,0,0,0,0,0,0,0,0,0,0,0,0,0
602.gcc_s-1850B,mlop_MTPS4800,0.38252,100000001,261420889,2429727,595844,1833883,37446,3262,34184,10,559,4558100,2684310,1873790,2715185,2677104,38081,3152266,3152266,2086054,126408,724,2212714,0,89.84535,96.286,8.72037,84.1084,0,0,0,0,0,0,0,0,0,0,0,0,0,0,0,0,0,0,0,0,0,0,0,0,0,0,0,0,0,0,0,0,0,0,0,0,0,0,0,0,0,0,0,0,0,0,0,0,0,0,0,0,0,0,0,0,0,0,0,0,0,0,0,0,0,0,0,0,0,0
602.gcc_s-1850B,pythia_MTPS4800,0.37723,100000001,265091511,1797830,2637,1795193,39423,301,39122,18,2062,10809784,9014406,1795378,2715184,2623535,91649,11753307,11753307,2032463,23686,52463,2056271,0,106.3136,96.286,8.72037,84.10844,0,0,0,0,0,0,0,0,0,0,0,0,0,0,0,0,0,0,0,0,0,0,0,0,0,0,0,0,0,0,0,0,0,0,0,0,0,0,0,0,0,0,0,0,0,0,0,0,0,0,0,0,0,0,0,0,0,0,0,0,0,0,0,0,0,0,0,0,0,0
602.gcc_s-1850B,linucb_MTPS4800,0.32908,100000001,303879458,1803384,10506,1792878,349450,517,348933,229,2109,5256472,3455541,1800931,2715164,2111613,603551,3482709,3482709,1455395,30000,254237,1485523,0,101.69785,96.286,8.72037,84.18258,0,0,0,0,0,0,0,0,0,0,0,0,0,0,0,0,0,0,0,0,0,0,0,0,0,0,0,0,0,0,0,0,0,0,0,0,0,0,0,0,7809327,3523128,2857734,3258387,16361,3242026,3482709,857929,817945,3241070,0,3258387,2002591,1092367,910224,673321,2857575,2039130,673321,3258387,0,3241070,0,0,0,0,0,0,0,0
602.gcc_s-1850B,tsetlin_MTPS4800,0.3431,100000001,291461092,1845634,41547,1804087,306314,302,306012,85,1600,6488070,4644889,1843181,2715170,2261840,453330,5108647,5108647,1622802,78948,147145,1702082,0,102.66885,96.286,8.72037,84.17862,0,0,0,0,0,0,0,0,0,0,0,0,0,0,0,0,0,0,0,0,0,7807988,2555181,3140210,3258393,34506,3223887,5108647,2718703,2389944,3258393,1912907,490302,1422605,859609,3139991,1936568,859609,3258393,0,0,0,0,0,0,0,0,0,0,0,0,0,0,0,0,0,0,0,0,0,0,0,0,0,0,0,0,0,0,0
602.gcc_s-1850B,meta_selector_MTPS4800,0.35411,100000001,282398328,1863333,49776,1813557,221488,367,221121,74,1614,9080491,7219611,1860880,2715172,2391882,323290,8138917,8138908,1769702,100398,101894,1870512,9,110.1019,96.286,8.72037,84.14625,1932690,1164318,161387,59.31417,35.73287,4.95296,0.98359,0.7925,0.33221,0.05911,0.15703,0.56345,3258395,105547,161387,881579,111969,2103460,221365,938,0.05,7966957,2493310,3139666,3258395,34506,3223889,5081674,2709020,2372633,3258395,1901198,452169,1449029,864007,3139318,1924293,864007,3258395,0,8088331,2713060,2902367,3258395,32592,3225803,10009523,2603396,7406127,3147616,0,3258395,1956771,384179,1572592,660448,2821741,1998180,660448,3258395,0,3147616,0,3258395,3258355,2456948,767756,2592621,1309100,0
602.gcc_s-1850B,tsetlin_no_dyn_deg,0.29827,100000001,335267984,1835740,40427,1795313,761192,493,760699,385,1990,4496941,2663655,1833286,2715166,1801953,913213,2329528,2329528,1073286,67627,152218,1141147,0,103.46481,96.286,8.72037,84.25313,0,0,0,0,0,0,0,0,0,0,0,0,0,0,0,0,0,0,0,0,0,6829401,2649301,3166279,3258389,34506,3223883,2329528,0,0,3258389,1425053,1061314,363739,940382,3165869,1444154,940382,3258389,2420361,0,0,0,0,0,0,0,0,0,0,0,0,0,0,0,0,0,0,0,0,0,0,0,0,0,0,0,0,0,0
602.gcc_s-1850B,linucb_no_dyn_deg,0.36447,100000001,274369527,1798770,4862,1793908,163276,1033,162243,391,2302,5154747,3358430,1796317,2715163,2550337,164826,2918648,2918648,1932572,23486,1593,1956162,0,107.06718,96.286,8.72037,84.14056,0,0,0,0,0,0,0,0,0,0,0,0,0,0,0,0,0,0,0,0,0,0,0,0,0,0,0,0,0,0,0,0,0,0,0,0,0,0,0,0,8226257,4594644,3165325,3258386,16364,3242022,2918648,0,0,3241441,0,3258386,2545421,1928656,616765,392722,3165206,2554031,392722,3258386,4116511,3241441,0,0,0,0,0,0,0,0
602.gcc_s-1850B,tsetlin_no_featurewise,0.34953,100000001,286101222,1821698,23688,1798010,198361,238,198123,67,2094,6224492,4405247,1819245,2715175,2272751,442424,5053299,5053299,1649188,52192,244173,1701559,0,101.90074,96.286,8.72037,84.13666,0,0,0,0,0,0,0,0,0,0,0,0,0,0,0,0,0,0,0,0,0,7953216,3127729,2904308,3258398,34506,3223892,5053299,2622895,2429755,3258398,2078940,670026,1408914,555859,2904164,2134838,555859,0,0,0,0,0,0,0,0,0,0,0,0,0,0,0,0,0,0,0,0,0,0,0,0,0,0,0,0,0,0,0,0
602.gcc_s-1850B,linucb_no_featurewise,0.3237,100000001,308932374,1807117,7818,1799299,502690,901,501789,300,1890,5013111,3208447,1804664,2715161,2119554,595607,2881926,2881926,1423859,33780,93027,1457762,0,107.03678,96.286,8.72037,84.17606,0,0,0,0,0,0,0,0,0,0,0,0,0,0,0,0,0,0,0,0,0,0,0,0,0,0,0,0,0,0,0,0,0,0,0,0,0,0,0,0,7815071,3941230,2493349,3258384,16367,3242017,2881926,815790,548036,3237458,0,3258384,2053436,1082130,971306,288608,2493235,2068568,288608,0,0,3237458,0,0,0,0,0,0,0,0
602.gcc_s-1850B,meta_selector_no_explore,0.35579,100000001,281064751,1861659,49358,1812301,205119,354,204765,67,1664,9056126,7196920,1859206,2715173,2408191,306982,8105228,8105227,1781448,98249,101972,1880055,1,110.90372,96.286,8.72037,84.14242,1927395,1162194,168807,59.15165,35.66767,5.18068,0.92694,1.0163,0.42205,0.11765,0.15566,0.56345,3258396,110035,168807,867372,0,2222217,222425,586,0,7988277,2529263,3139935,3258396,34506,3223890,5096992,2706103,2375940,3258396,1911759,477434,1434325,865777,3139701,1934673,865777,3258396,0,8062035,2679132,2925566,3258396,32589,3225807,9916220,2590754,7325466,3138313,0,3258396,1947611,382392,1565219,662041,2835431,1987033,662041,3258396,0,3138313,0,3258396,3258356,2456948,767757,2592631,1309105,0
602.gcc_s-1850B,linucb_no_suppress,0.36831,100000001,271509474,1796588,4319,1792269,133746,885,132861,283,2344,5224381,3430246,1794135,2715177,2571570,143607,3007204,3007204,1959779,20914,9906,1980784,0,106.87153,96.286,8.72037,84.1324,0,0,0,0,0,0,0,0,0,0,0,0,0,0,0,0,0,0,0,0,0,0,0,0,0,0,0,0,0,0,0,0,0,0,0,0,0,0,0,0,8287292,4621315,3174715,3258400,16370,3242030,3007204,53855,42781,0,0,3258400,2593907,1918535,675372,384188,3174602,2603408,384188,3258400,4158457,3241390,0,0,0,0,0,0,0,0
605.mcf_s-994B,nopref,0.2246,100000002,445245655,2687607,1016706,1670901,2509420,884047,1625373,604,44924,3984838,1468176,2516662,3680432,1171011,2509421,0,0,0,0,0,0,0,159.54404,92.54309,13.84063,70.14148,0,0,0,0,0,0,0,0,0,0,0,0,0,0,0,0,0,0,0,0,0,0,0,0,0,0,0,0,0,0,0,0,0,0,0,0,0,0,0,0,0,0,0,0,0,0,0,0,0,0,0,0,0,0,0,0,0,0,0,0,0,0,0,0,0,0,0,0,0,0
605.mcf_s-994B,spp,0.22862,100000002,437399916,3470770,1503201,1967569,2480377,913135,1567242,688,128,4386321,1853361,2532960,3680437,1192765,2487672,1686553,1686553,32878,16143,7445,49062,0,155.73682,92.54309,13.84063,70.0908,0,0,0,0,0,0,0,0,0,0,0,0,0,0,0,0,0,0,0,0,0,0,0,0,0,0,0,0,0,0,0,0,0,0,0,0,0,0,0,0,0,0,0,0,0,0,0,0,0,0,0,0,0,0,0,0,0,0,0,0,0,0,0,0,0,0,0,0,0,0
605.mcf_s-994B,bingo,0.20105,100000002,497389595,15063127,1692147,13370980,2008535,447525,1561010,1993,103350,4949319,2305853,2643466,3680433,1380098,2300335,16130193,16130193,325108,128873,295470,454463,0,242.0635,92.54309,13.84063,70.7956,0,0,0,0,0,0,0,0,0,0,0,0,0,0,0,0,0,0,0,0,0,0,0,0,0,0,0,0,0,0,0,0,0,0,0,0,0,0,0,0,0,0,0,0,0,0,0,0,0,0,0,0,0,0,0,0,0,0,0,0,0,0,0,0,0,0,0,0,0,0
605.mcf_s-994B,mlop,0.2255,100000002,443468253,4138354,1444783,2693571,2504842,942605,1562237,1057,31852,4043436,1473743,2569693,3680440,1169066,2511374,2209547,2209547,11945,39042,6531,51004,0,152.85175,92.54309,13.84063,69.66363,0,0,0,0,0,0,0,0,0,0,0,0,0,0,0,0,0,0,0,0,0,0,0,0,0,0,0,0,0,0,0,0,0,0,0,0,0,0,0,0,0,0,0,0,0,0,0,0,0,0,0,0,0,0,0,0,0,0,0,0,0,0,0,0,0,0,0,0,0,0
605.mcf_s-994B,pythia,0.2281,100000002,438404362,3761913,1144173,2617740,1900980,568187,1332793,451,54665,7135147,3552585,3582562,3680442,1440388,2240054,4904676,4904676,575879,1147960,342015,1725571,0,174.88896,92.54309,13.84063,69.30889,0,0,0,0,0,0,0,0,0,0,0,0,0,0,0,0,0,0,0,0,0,0,0,0,0,0,0,0,0,0,0,0,0,0,0,0,0,0,0,0,0,0,0,0,0,0,0,0,0,0,0,0,0,0,0,0,0,0,0,0,0,0,0,0,0,0,0,0,0,0
605.mcf_s-994B,linucb,0.22369,100000002,447039520,4481125,1397321,3083804,2042190,601629,1440561,587,56929,6747794,2454332,4293462,3680450,1311690,2368760,4091550,4091530,549742,1753803,328965,2305222,20,174.13611,92.54309,13.84063,69.43406,0,0,0,0,0,0,0,0,0,0,0,0,0,0,0,0,0,0,0,0,0,0,0,0,0,0,0,0,0,0,0,0,0,0,0,0,0,0,0,0,10793234,4002655,4232855,4326603,21651,4304952,4091550,24823,23889,4239130,0,4326603,1622051,530940,1091111,2410379,4232473,1714217,2410379,4326603,0,4239130,0,0,0,0,0,0,0,0
605.mcf_s-994B,tsetlin,0.20562,100000002,486340988,7357907,1352887,6005020,2634341,627173,2007168,589,58214,9244190,2089948,7154242,3680445,907253,2773192,6922455,6922455,316656,4818650,140123,5137783,0,220.76636,92.54309,13.84063,70.65586,0,0,0,0,0,0,0,0,0,0,0,0,0,0,0,0,0,0,0,0,0,13341166,3487319,4217885,4326596,45108,4281488,6922455,3570627,3209229,4326596,677610,193043,484567,3102992,4217393,703524,3102992,4326596,0,0,0,0,0,0,0,0,0,0,0,0,0,0,0,0,0,0,0,0,0,0,0,0,0,0,0,0,0,0,0
605.mcf_s-994B,meta_selector,0.21018,100000002,475788922,7175160,1484590,5690570,2349824,562565,1787259,606,61457,9796151,2823650,6972501,3680445,1053843,2626602,8187005,8187003,508896,4610005,279338,5121430,2,212.56993,92.54309,13.84063,70.16478,2062748,2149671,114181,47.67596,49.685,2.63905,0.90937,1.15265,0.00183,0,0.02439,0,4326600,113542,114181,642871,194533,3375015,356539,546,0.05,13338320,2644330,4217427,4326600,45099,4281501,6972633,3608682,3247346,4326600,698291,186574,511717,3096450,4216739,723903,3096450,4326600,0,13593992,3125636,4237318,4326600,43397,4283203,8164872,3934450,4108192,4214134,0,4326600,1642395,254588,1387807,2375914,4235796,1734812,2375914,4326600,0,4214134,0,4326600,4326514,2218214,2106506,72120,36535,0
605.mcf_s-994B,nopref_MTPS600,0.22099,100000002,452508833,2687738,1016549,1671189,2509485,884016,1625469,605,45115,3984841,1468115,2516726,3680435,1170949,2509486,0,0,0,0,0,0,0,173.01022,92.54309,13.84063,71.01006,0,0,0,0,0,0,0,0,0,0,0,0,0,0,0,0,0,0,0,0,0,0,0,0,0,0,0,0,0,0,0,0,0,0,0,0,0,0,0,0,0,0,0,0,0,0,0,0,0,0,0,0,0,0,0,0,0,0,0,0,0,0,0,0,0,0,0,0,0,0
605.mcf_s-994B,spp_MTPS600,0.22314,100000002,448140735,3466260,1471284,1994976,2482267,889426,1592841,669,124,4382425,1849563,2532862,3680441,1190393,2490048,1692834,1692834,30645,15898,7931,46587,0,175.05218,92.54309,13.84063,71.07725,0,0,0,0,0,0,0,0,0,0,0,0,0,0,0,0,0,0,0,0,0,0,0,0,0,0,0,0,0,0,0,0,0,0,0,0,0,0,0,0,0,0,0,0,0,0,0,0,0,0,0,0,0,0,0,0,0,0,0,0,0,0,0,0,0,0,0,0,0,0
605.mcf_s-994B,bingo_MTPS600,0.11514,100000002,868510141,14901136,1613496,13287640,2011351,432104,1579247,1902,102693,4923738,2280577,2643161,3680437,1366178,2314259,15968778,15968778,311090,128659,306577,440229,0,652.22478,92.54309,13.84063,72.41007,0,0,0,0,0,0,0,0,0,0,0,0,0,0,0,0,0,0,0,0,0,0,0,0,0,0,0,0,0,0,0,0,0,0,0,0,0,0,0,0,0,0,0,0,0,0,0,0,0,0,0,0,0,0,0,0,0,0,0,0,0,0,0,0,0,0,0,0,0,0
605.mcf_s-994B,mlop_MTPS600,0.21703,100000002,460771205,4098687,1390368,2708319,2504689,901790,1602899,964,31138,4041095,1472895,2568200,3680437,1168402,2512035,2207977,2207977,10884,37943,7345,48845,0,179.68137,92.54309,13.84063,70.78701,0,0,0,0,0,0,0,0,0,0,0,0,0,0,0,0,0,0,0,0,0,0,0,0,0,0,0,0,0,0,0,0,0,0,0,0,0,0,0,0,0,0,0,0,0,0,0,0,0,0,0,0,0,0,0,0,0,0,0,0,0,0,0,0,0,0,0,0,0,0
605.mcf_s-994B,pythia_MTPS600,0.22141,100000002,451658377,3579689,1121627,2458062,1866741,568662,1298079,453,52511,6867135,3465630,3401505,3680436,1441527,2238909,4659485,4659484,560668,983685,375107,1546033,1,206.87151,92.54309,13.84063,70.55633,0,0,0,0,0,0,0,0,0,0,0,0,0,0,0,0,0,0,0,0,0,0,0,0,0,0,0,0,0,0,0,0,0,0,0,0,0,0,0,0,0,0,0,0,0,0,0,0,0,0,0,0,0,0,0,0,0,0,0,0,0,0,0,0,0,0,0,0,0,0
605.mcf_s-994B,linucb_MTPS600,0.2141,100000002,467069579,4415963,1383842,3032121,2072665,617526,1455139,570,54922,6599995,2372241,4227754,3680453,1268847,2411606,4064503,4064140,512321,1682505,341333,2196461,363,212.07644,92.54309,13.84063,70.85221,0,0,0,0,0,0,0,0,0,0,0,0,0,0,0,0,0,0,0,0,0,0,0,0,0,0,0,0,0,0,0,0,0,0,0,0,0,0,0,0,10669478,3832499,4227731,4326606,21699,4304907,4064503,17521,16967,4225913,0,4326606,1548089,500826,1047263,2454886,4227346,1641315,2454886,4326606,0,4225913,0,0,0,0,0,0,0,0
605.mcf_s-994B,tsetlin_MTPS600,0.19068,100000002,524433614,6174377,1214481,4959896,2582201,633190,1949011,509,56480,7861153,1885811,5975342,3680436,949257,2731179,5409145,5409091,275486,3725873,150244,4003685,54,298.31199,92.54309,13.84063,72.00282,0,0,0,0,0,0,0,0,0,0,0,0,0,0,0,0,0,0,0,0,0,12220553,3549301,4216726,4326587,45107,4281480,5409145,1866342,1683511,4326587,690633,210582,480051,3103363,4216240,716279,3103363,4326587,0,0,0,0,0,0,0,0,0,0,0,0,0,0,0,0,0,0,0,0,0,0,0,0,0,0,0,0,0,0,0
605.mcf_s-994B,meta_selector_MTPS600,0.19498,100000002,512865835,6081615,1344848,4736767,2365065,588312,1776753,531,59000,8340147,2457518,5882629,3680441,1054297,2626144,6430471,6429576,440305,3591687,263636,4034282,895,283.20294,92.54309,13.84063,71.67973,2075125,2120200,131271,47.96207,49.00388,3.03405,1.71803,0.6275,0.03321,0.00539,0.02261,0,4326596,130600,131271,739861,188869,3266595,345069,213,0.05,12240673,2660144,4215225,4326596,45099,4281497,5513106,1993655,1800031,4326596,694317,189357,504960,3084065,4214529,720908,3084065,4326596,0,12381340,2987146,4243848,4326596,43296,4283300,6191676,2237681,2253962,4121953,0,4326596,1483955,239826,1244129,2370600,4242392,1606156,2370600,4326596,0,4121953,0,4326596,4326510,2218257,2106455,72097,36524,0
605.mcf_s-994B,nopref_MTPS4800,0.22489,100000002,444668860,2687607,1016693,1670914,2509420,884033,1625387,604,44923,3984838,1468176,2516662,3680432,1171011,2509421,0,0,0,0,0,0,0,158.39067,92.54309,13.84063,70.14658,0,0,0,0,0,0,0,0,0,0,0,0,0,0,0,0,0,0,0,0,0,0,0,0,0,0,0,0,0,0,0,0,0,0,0,0,0,0,0,0,0,0,0,0,0,0,0,0,0,0,0,0,0,0,0,0,0,0,0,0,0,0,0,0,0,0,0,0,0,0
605.mcf_s-994B,spp_MTPS4800,0.22904,100000002,436600671,3461201,1499893,1961308,2479155,914924,1564231,717,139,4386418,1852690,2533728,3680438,1193958,2486480,1672909,1672909,34185,16789,7475,51019,0,154.17302,92.54309,13.84063,70.09742,0,0,0,0,0,0,0,0,0,0,0,0,0,0,0,0,0,0,0,0,0,0,0,0,0,0,0,0,0,0,0,0,0,0,0,0,0,0,0,0,0,0,0,0,0,0,0,0,0,0,0,0,0,0,0,0,0,0,0,0,0,0,0,0,0,0,0,0,0,0
605.mcf_s-994B,bingo_MTPS4800,0.20845,100000002,479723962,15071023,1695079,13375944,2008346,450410,1557936,2008,103355,4952799,2309334,2643465,3680439,1383506,2296933,16136008,16136008,328511,128879,292256,457873,0,220.43693,92.54309,13.84063,70.61636,0,0,0,0,0,0,0,0,0,0,0,0,0,0,0,0,0,0,0,0,0,0,0,0,0,0,0,0,0,0,0,0,0,0,0,0,0,0,0,0,0,0,0,0,0,0,0,0,0,0,0,0,0,0,0,0,0,0,0,0,0,0,0,0,0,0,0,0,0,0
605.mcf_s-994B,mlop_MTPS4800,0.22599,100000002,442502176,4140983,1448184,2692799,2504559,945469,1559090,1052,32005,4043824,1474021,2569803,3680438,1169302,2511136,2209460,2209460,12112,39221,6576,51351,0,150.82355,92.54309,13.84063,69.65021,0,0,0,0,0,0,0,0,0,0,0,0,0,0,0,0,0,0,0,0,0,0,0,0,0,0,0,0,0,0,0,0,0,0,0,0,0,0,0,0,0,0,0,0,0,0,0,0,0,0,0,0,0,0,0,0,0,0,0,0,0,0,0,0,0,0,0,0,0,0
605.mcf_s-994B,pythia_MTPS4800,0.224,100000002,446436684,4716449,1445784,3270665,1980742,571831,1408911,596,59838,8304012,3774932,4529080,3680439,1342553,2337886,6189637,6189637,600350,1970490,360086,2572573,0,174.90891,92.54309,13.84063,69.36217,0,0,0,0,0,0,0,0,0,0,0,0,0,0,0,0,0,0,0,0,0,0,0,0,0,0,0,0,0,0,0,0,0,0,0,0,0,0,0,0,0,0,0,0,0,0,0,0,0,0,0,0,0,0,0,0,0,0,0,0,0,0,0,0,0,0,0,0,0,0
605.mcf_s-994B,linucb_MTPS4800,0.22425,100000002,445938567,4478655,1401025,3077630,2039369,601753,1437616,611,57116,6750115,2459089,4291026,3680448,1315414,2365034,4091359,4091339,553021,1751832,328058,2306533,20,171.13015,92.54309,13.84063,69.40827,0,0,0,0,0,0,0,0,0,0,0,0,0,0,0,0,0,0,0,0,0,0,0,0,0,0,0,0,0,0,0,0,0,0,0,0,0,0,0,0,10794114,4007715,4233190,4326601,21678,4304923,4091359,24529,23790,4238138,0,4326601,1626294,533654,1092640,2405421,4232808,1719154,2405421,4326601,0,4238138,0,0,0,0,0,0,0,0
605.mcf_s-994B,tsetlin_MTPS4800,0.20651,100000002,484232812,7467990,1370201,6097789,2633418,626915,2006503,611,58608,9370932,2107079,7263853,3680435,906520,2773915,7063916,7063916,321787,4922258,141769,5246426,0,215.4531,92.54309,13.84063,70.61105,0,0,0,0,0,0,0,0,0,0,0,0,0,0,0,0,0,0,0,0,0,13453437,3487545,4218365,4326586,45107,4281479,7063916,3717267,3346486,4326586,684128,194037,490091,3097949,4217872,710267,3097949,4326586,0,0,0,0,0,0,0,0,0,0,0,0,0,0,0,0,0,0,0,0,0,0,0,0,0,0,0,0,0,0,0
605.mcf_s-994B,meta_selector_MTPS4800,0.21109,100000002,473731666,7267365,1495493,5771872,2353135,566985,1786150,619,60904,9907742,2843450,7064292,3680448,1051087,2629361,8302675,8302655,511501,4696340,278783,5210289,20,207.4842,92.54309,13.84063,70.12539,2062752,2149078,114773,47.67602,49.67126,2.65273,1.46414,0.75274,0.01094,0,0.02478,0,4326603,114124,114773,647762,194241,3369827,355973,588,0.05,13419926,2645344,4215020,4326603,45099,4281504,7060966,3716266,3344610,4326603,694860,185712,509148,3089727,4214483,720626,3089727,4326603,0,13686115,3135054,4236922,4326603,43555,4283048,8295514,4059464,4235972,4216274,0,4326603,1645905,254935,1390970,2376582,4235403,1737662,2376582,4326603,0,4216274,0,4326603,4326517,2218271,2106447,72108,36526,0
605.mcf_s-994B,tsetlin_no_dyn_deg,0.2123,100000002,471038876,5239876,1117348,4122528,2555785,659376,1896409,415,54300,6767656,1722249,5045407,3680444,1004898,2675546,3580478,3580478,241717,2533101,120873,2776885,0,201.71202,92.54309,13.84063,70.39309,0,0,0,0,0,0,0,0,0,0,0,0,0,0,0,0,0,0,0,0,0,10835686,3507675,4228437,4326598,45108,4281490,3580478,0,0,4326598,643359,232330,411029,2925905,4227950,699541,2925905,4326598,3627873,0,0,0,0,0,0,0,0,0,0,0,0,0,0,0,0,0,0,0,0,0,0,0,0,0,0,0,0,0,0
605.mcf_s-994B,linucb_no_dyn_deg,0.22703,100000002,440462696,4308615,1356087,2952528,1948797,589051,1359746,564,55749,6717664,2595190,4122474,3680448,1386614,2293834,4147960,4147960,608266,1593798,347418,2203543,0,173.65302,92.54309,13.84063,69.37954,0,0,0,0,0,0,0,0,0,0,0,0,0,0,0,0,0,0,0,0,0,0,0,0,0,0,0,0,0,0,0,0,0,0,0,0,0,0,0,0,10752901,4098695,4251804,4326601,21613,4304988,4147960,0,0,4299424,0,4326601,1820355,604008,1216347,2326248,4251473,1884312,2326248,4326601,4323074,4299424,0,0,0,0,0,0,0,0
605.mcf_s-994B,tsetlin_no_featurewise,0.20635,100000002,484606180,6791266,1155424,5635842,2703674,629043,2074631,518,54956,8375339,1786080,6589259,3680444,904266,2776178,5455955,5455955,260388,4201062,73422,4463846,0,220.95555,92.54309,13.84063,70.88439,0,0,0,0,0,0,0,0,0,0,0,0,0,0,0,0,0,0,0,0,0,12028703,2977760,4193121,4326594,45109,4281485,5455955,2989935,2386693,4326594,428937,146971,281966,2698384,4192629,454282,2698384,0,0,0,0,0,0,0,0,0,0,0,0,0,0,0,0,0,0,0,0,0,0,0,0,0,0,0,0,0,0,0,0
605.mcf_s-994B,linucb_no_featurewise,0.22876,100000002,437136716,3932518,1143475,2789043,1908066,579161,1328905,447,55259,6407166,2657540,3749626,3680444,1431007,2249437,3907296,3907296,607842,1222890,343782,1832116,0,177.08527,92.54309,13.84063,69.50451,0,0,0,0,0,0,0,0,0,0,0,0,0,0,0,0,0,0,0,0,0,0,0,0,0,0,0,0,0,0,0,0,0,0,0,0,0,0,0,0,10115751,3748968,4246332,4326599,21586,4305013,3907296,31337,30527,4145360,0,4326599,1863535,577970,1285565,1962096,4246017,1935369,1962096,0,0,4145360,0,0,0,0,0,0,0,0
605.mcf_s-994B,meta_selector_no_explore,0.21025,100000002,475628412,7171669,1482404,5689265,2354700,569753,1784947,607,59664,9785875,2816871,6969004,3680440,1049702,2630738,8171482,8171482,502360,4610690,278619,5115467,0,212.74607,92.54309,13.84063,70.19175,2086536,2125180,114876,48.22586,49.11903,2.65512,1.68928,0.70702,0.00133,1e-05,0.02431,0,4326592,114269,114876,657568,0,3554148,354620,413,0,13318106,2652958,4216107,4326592,45099,4281493,6934944,3591302,3224878,4326592,690356,185331,505025,3087790,4215632,715700,3087790,4326592,0,13587173,3102402,4237276,4326592,43243,4283349,8164407,3930850,4108609,4212221,0,4326592,1641233,248210,1393023,2373983,4234634,1734967,2373983,4326592,0,4212221,0,4326592,4326506,2218197,2106511,72106,36526,0
605.mcf_s-994B,linucb_no_suppress,0.227,100000002,440531639,4308636,1355816,2952820,1948621,587989,1360632,598,55654,6718064,2595568,4122496,3680452,1386718,2293734,4149199,4149199,608151,1594845,347492,2204471,0,173.66701,92.54309,13.84063,69.38419,0,0,0,0,0,0,0,0,0,0,0,0,0,0,0,0,0,0,0,0,0,0,0,0,0,0,0,0,0,0,0,0,0,0,0,0,0,0,0,0,10754516,4099369,4251556,4326605,21618,4304987,4149199,1237,808,0,0,4326605,1820532,603871,1216661,2326682,4251226,1884329,2326682,4326605,4323692,4299731,0,0,0,0,0,0,0,0
620.omnetpp_s-141B,nopref,0.22768,100000000,439213019,2276495,1051116,1225379,1320421,417422,902999,118690,203690,3090951,1562767,1528184,1870894,550470,1320424,0,0,0,0,0,0,0,157.75427,96.0991,5.8203,82.49236,0,0,0,0,0,0,0,0,0,0,0,0,0,0,0,0,0,0,0,0,0,0,0,0,0,0,0,0,0,0,0,0,0,0,0,0,0,0,0,0,0,0,0,0,0,0,0,0,0,0,0,0,0,0,0,0,0,0,0,0,0,0,0,0,0,0,0,0,0,0
620.omnetpp_s-141B,spp,0.22842,100000000,437793296,2470159,1161962,1308197,1319727,453367,866360,118521,175309,3145823,1618265,1527558,1870911,551162,1319749,400482,400482,128,117,46,245,0,153.43007,96.0991,5.8203,82.51383,0,0,0,0,0,0,0,0,0,0,0,0,0,0,0,0,0,0,0,0,0,0,0,0,0,0,0,0,0,0,0,0,0,0,0,0,0,0,0,0,0,0,0,0,0,0,0,0,0,0,0,0,0,0,0,0,0,0,0,0,0,0,0,0,0,0,0,0,0,0
620.omnetpp_s-141B,bingo,0.23784,100000000,420444495,5011968,2414345,2597623,1108763,562324,546439,93111,125026,4132550,2235719,1896831,1870919,758792,1112127,4123358,4123358,299101,410070,4508,709870,0,141.82006,96.0991,5.8203,82.38158,0,0,0,0,0,0,0,0,0,0,0,0,0,0,0,0,0,0,0,0,0,0,0,0,0,0,0,0,0,0,0,0,0,0,0,0,0,0,0,0,0,0,0,0,0,0,0,0,0,0,0,0,0,0,0,0,0,0,0,0,0,0,0,0,0,0,0,0,0,0
620.omnetpp_s-141B,mlop,0.23227,100000000,430542327,3413693,1479333,1934360,1320135,578949,741186,91050,171151,3103339,1575400,1527939,1870876,550738,1320138,1545898,1545898,0,0,0,0,0,135.58532,96.0991,5.8203,82.59215,0,0,0,0,0,0,0,0,0,0,0,0,0,0,0,0,0,0,0,0,0,0,0,0,0,0,0,0,0,0,0,0,0,0,0,0,0,0,0,0,0,0,0,0,0,0,0,0,0,0,0,0,0,0,0,0,0,0,0,0,0,0,0,0,0,0,0,0,0,0
620.omnetpp_s-141B,pythia,0.23461,100000000,426231344,3102784,1396485,1706299,1071096,384708,686388,95214,189230,4826388,2493830,2332558,1870779,787852,1082927,2257511,2257511,432218,898393,16043,1331887,0,157.46974,96.0991,5.8203,82.57788,0,0,0,0,0,0,0,0,0,0,0,0,0,0,0,0,0,0,0,0,0,0,0,0,0,0,0,0,0,0,0,0,0,0,0,0,0,0,0,0,0,0,0,0,0,0,0,0,0,0,0,0,0,0,0,0,0,0,0,0,0,0,0,0,0,0,0,0,0,0
620.omnetpp_s-141B,linucb,0.23303,100000000,429121861,3054435,1378955,1675480,1153367,405068,748299,101720,184397,4495836,2213592,2282244,1870715,703905,1166810,1884310,1884310,312889,832003,17909,1146151,0,156.87703,96.0991,5.8203,82.55368,0,0,0,0,0,0,0,0,0,0,0,0,0,0,0,0,0,0,0,0,0,0,0,0,0,0,0,0,0,0,0,0,0,0,0,0,0,0,0,0,5390546,1734965,2119913,2241830,11227,2230603,1884310,3225,3662,2049631,0,2241830,469776,229701,240075,1297352,2119481,601221,1297352,2241830,0,2049631,0,0,0,0,0,0,0,0
620.omnetpp_s-141B,tsetlin,0.22968,100000000,435386176,4510644,1721558,2789086,1207427,438416,769011,104018,205005,5923297,2216426,3706871,1870754,655086,1215668,3563761,3563759,332002,2428624,10085,2762849,2,174.33316,96.0991,5.8203,82.60753,0,0,0,0,0,0,0,0,0,0,0,0,0,0,0,0,0,0,0,0,0,7004589,1778346,2167972,2241871,24348,2217523,3563761,1877057,1685272,2241871,300538,163469,137069,1621909,2167483,313356,1621909,2241871,0,0,0,0,0,0,0,0,0,0,0,0,0,0,0,0,0,0,0,0,0,0,0,0,0,0,0,0,0,0,0
620.omnetpp_s-141B,meta_selector,0.23154,100000000,431892297,4449714,1750272,2699442,1143890,419752,724138,99831,196009,6276503,2626885,3649618,1870714,713887,1156827,4110078,4110077,420216,2364562,16097,2786818,1,172.26645,96.0991,5.8203,82.59918,1076050,1062629,103150,47.99876,47.40009,4.60115,0.98118,0.94914,0,0,0.01205,0,2241829,102526,103150,555540,94420,1488719,158152,769,0.05,7033917,1364723,2167562,2241829,24297,2217532,3572292,1882226,1689090,2241829,299748,133902,165846,1632198,2166946,311919,1632198,2241829,0,6976748,1306226,2132344,2241829,22328,2219501,3592685,1837685,1754069,2029276,0,2241829,434234,132489,301745,1296542,2130407,552798,1296542,2241829,0,2029276,0,2241829,2166411,1257793,820982,27716,15592,0
620.omnetpp_s-141B,nopref_MTPS600,0.22543,100000000,443595928,2276378,1051003,1225375,1320421,417429,902992,118691,203692,3090788,1562605,1528183,1870888,550464,1320424,0,0,0,0,0,0,0,165.98489,96.0991,5.8203,82.47984,0,0,0,0,0,0,0,0,0,0,0,0,0,0,0,0,0,0,0,0,0,0,0,0,0,0,0,0,0,0,0,0,0,0,0,0,0,0,0,0,0,0,0,0,0,0,0,0,0,0,0,0,0,0,0,0,0,0,0,0,0,0,0,0,0,0,0,0,0,0
620.omnetpp_s-141B,spp_MTPS600,0.22615,100000000,442181458,2470275,1162324,1307951,1319733,453214,866519,118334,174721,3146174,1618648,1527526,1870918,551164,1319754,402562,402562,115,111,46,226,0,161.36365,96.0991,5.8203,82.50068,0,0,0,0,0,0,0,0,0,0,0,0,0,0,0,0,0,0,0,0,0,0,0,0,0,0,0,0,0,0,0,0,0,0,0,0,0,0,0,0,0,0,0,0,0,0,0,0,0,0,0,0,0,0,0,0,0,0,0,0,0,0,0,0,0,0,0,0,0,0
620.omnetpp_s-141B,bingo_MTPS600,0.2237,100000000,447031172,4996851,2402129,2594722,1108842,549965,558877,93095,125857,4123741,2226556,1897185,1871035,750130,1120905,4121998,4121998,290365,410304,13352,701374,0,195.59084,96.0991,5.8203,82.43711,0,0,0,0,0,0,0,0,0,0,0,0,0,0,0,0,0,0,0,0,0,0,0,0,0,0,0,0,0,0,0,0,0,0,0,0,0,0,0,0,0,0,0,0,0,0,0,0,0,0,0,0,0,0,0,0,0,0,0,0,0,0,0,0,0,0,0,0,0,0
620.omnetpp_s-141B,mlop_MTPS600,0.22901,100000000,436653567,3404515,1471945,1932570,1320160,572890,747270,91214,171664,3103303,1575357,1527946,1870903,550740,1320163,1543205,1543205,0,0,0,0,0,145.87245,96.0991,5.8203,82.59928,0,0,0,0,0,0,0,0,0,0,0,0,0,0,0,0,0,0,0,0,0,0,0,0,0,0,0,0,0,0,0,0,0,0,0,0,0,0,0,0,0,0,0,0,0,0,0,0,0,0,0,0,0,0,0,0,0,0,0,0,0,0,0,0,0,0,0,0,0,0
620.omnetpp_s-141B,pythia_MTPS600,0.23258,100000000,429954425,3104504,1390926,1713578,1069090,386781,682309,96811,191921,4741829,2408034,2333795,1870826,776763,1094063,2173794,2173794,416630,899270,30887,1317197,0,176.37319,96.0991,5.8203,82.60542,0,0,0,0,0,0,0,0,0,0,0,0,0,0,0,0,0,0,0,0,0,0,0,0,0,0,0,0,0,0,0,0,0,0,0,0,0,0,0,0,0,0,0,0,0,0,0,0,0,0,0,0,0,0,0,0,0,0,0,0,0,0,0,0,0,0,0,0,0,0
620.omnetpp_s-141B,linucb_MTPS600,0.22945,100000000,435820816,3108289,1348281,1760008,1176920,407478,769442,105415,189481,4463186,2128605,2334581,1870762,672345,1198417,1849583,1849583,271510,881329,26857,1154119,0,179.20791,96.0991,5.8203,82.55958,0,0,0,0,0,0,0,0,0,0,0,0,0,0,0,0,0,0,0,0,0,0,0,0,0,0,0,0,0,0,0,0,0,0,0,0,0,0,0,0,5358629,1702274,2125000,2241877,11065,2230812,1849583,3581,3827,2043079,0,2241877,434320,201339,232981,1304703,2124572,551339,1304703,2241877,0,2043079,0,0,0,0,0,0,0,0
620.omnetpp_s-141B,tsetlin_MTPS600,0.22516,100000000,444122192,4213842,1643296,2570546,1210298,434141,776157,103821,200366,5545829,2131412,3414417,1870762,643579,1227183,3182904,3182902,305545,2153102,19120,2460692,2,207.09356,96.0991,5.8203,82.62631,0,0,0,0,0,0,0,0,0,0,0,0,0,0,0,0,0,0,0,0,0,6712074,1803170,2168188,2241879,24348,2217531,3182904,1443098,1295003,2241879,299927,160760,139167,1639583,2167762,312324,1639583,2241879,0,0,0,0,0,0,0,0,0,0,0,0,0,0,0,0,0,0,0,0,0,0,0,0,0,0,0,0,0,0,0
620.omnetpp_s-141B,meta_selector_MTPS600,0.22732,100000000,439909294,4149772,1679780,2469992,1151654,418289,733365,96529,195421,5865210,2511391,3353819,1870754,694818,1175936,3686894,3686893,389801,2084649,28514,2476497,1,201.67089,96.0991,5.8203,82.60941,1079780,1052652,109437,48.16428,46.95422,4.88151,0.9703,1.01261,0.01532,0.0005,0.01045,0,2241869,108759,109437,596733,92066,1443633,153441,716,0.05,6721221,1365187,2168695,2241869,24299,2217570,3202021,1472923,1320138,2241869,297396,130798,166598,1631417,2168060,309687,1631417,2241869,0,6601641,1266250,2144842,2241869,22146,2219723,3144162,1406590,1357914,1949050,0,2241869,423002,125007,297995,1220049,2142893,578394,1220049,2241869,0,1949050,0,2241869,2166380,1257707,821068,27708,15588,0
620.omnetpp_s-141B,nopref_MTPS4800,0.22795,100000000,438690097,2276495,1051130,1225365,1320420,417438,902982,118690,203693,3090946,1562762,1528184,1870889,550466,1320423,0,0,0,0,0,0,0,156.65346,96.0991,5.8203,82.49119,0,0,0,0,0,0,0,0,0,0,0,0,0,0,0,0,0,0,0,0,0,0,0,0,0,0,0,0,0,0,0,0,0,0,0,0,0,0,0,0,0,0,0,0,0,0,0,0,0,0,0,0,0,0,0,0,0,0,0,0,0,0,0,0,0,0,0,0,0,0
620.omnetpp_s-141B,spp_MTPS4800,0.2287,100000000,437252727,2469146,1160818,1308328,1319768,453635,866133,118513,176067,3145545,1617958,1527587,1870920,551131,1319789,399345,399345,122,125,45,247,0,152.35241,96.0991,5.8203,82.51194,0,0,0,0,0,0,0,0,0,0,0,0,0,0,0,0,0,0,0,0,0,0,0,0,0,0,0,0,0,0,0,0,0,0,0,0,0,0,0,0,0,0,0,0,0,0,0,0,0,0,0,0,0,0,0,0,0,0,0,0,0,0,0,0,0,0,0,0,0,0
620.omnetpp_s-141B,bingo_MTPS4800,0.23863,100000000,419063796,5016583,2419562,2597021,1108468,567644,540824,93217,123485,4134306,2237488,1896818,1870894,759447,1111447,4123656,4123656,299594,410171,4119,710472,0,136.52572,96.0991,5.8203,82.37563,0,0,0,0,0,0,0,0,0,0,0,0,0,0,0,0,0,0,0,0,0,0,0,0,0,0,0,0,0,0,0,0,0,0,0,0,0,0,0,0,0,0,0,0,0,0,0,0,0,0,0,0,0,0,0,0,0,0,0,0,0,0,0,0,0,0,0,0,0,0
620.omnetpp_s-141B,mlop_MTPS4800,0.23257,100000000,429976360,3413783,1479356,1934427,1320134,578912,741222,91004,171054,3103339,1575399,1527940,1870868,550731,1320137,1545901,1545901,0,0,0,0,0,134.43927,96.0991,5.8203,82.58924,0,0,0,0,0,0,0,0,0,0,0,0,0,0,0,0,0,0,0,0,0,0,0,0,0,0,0,0,0,0,0,0,0,0,0,0,0,0,0,0,0,0,0,0,0,0,0,0,0,0,0,0,0,0,0,0,0,0,0,0,0,0,0,0,0,0,0,0,0,0
620.omnetpp_s-141B,pythia_MTPS4800,0.23495,100000000,425627817,3126543,1404677,1721866,1063447,383908,679539,94015,185639,4886268,2530622,2355646,1870790,795433,1075357,2329928,2329928,442966,919958,15473,1364243,0,155.15211,96.0991,5.8203,82.57924,0,0,0,0,0,0,0,0,0,0,0,0,0,0,0,0,0,0,0,0,0,0,0,0,0,0,0,0,0,0,0,0,0,0,0,0,0,0,0,0,0,0,0,0,0,0,0,0,0,0,0,0,0,0,0,0,0,0,0,0,0,0,0,0,0,0,0,0,0,0
620.omnetpp_s-141B,linucb_MTPS4800,0.23338,100000000,428485191,3058960,1376313,1682647,1152439,405285,747154,101876,184735,4499544,2212937,2286607,1870682,704744,1165938,1888626,1888626,313492,836125,17940,1150898,0,154.88043,96.0991,5.8203,82.55667,0,0,0,0,0,0,0,0,0,0,0,0,0,0,0,0,0,0,0,0,0,0,0,0,0,0,0,0,0,0,0,0,0,0,0,0,0,0,0,0,5399391,1740722,2120352,2241797,11143,2230654,1888626,2866,3375,2055343,0,2241797,471016,230716,240300,1304580,2119921,599220,1304580,2241797,0,2055343,0,0,0,0,0,0,0,0
620.omnetpp_s-141B,tsetlin_MTPS4800,0.22999,100000000,434808010,4510939,1721282,2789657,1210112,439167,770945,103879,203847,5918162,2211302,3706860,1870733,652956,1217777,3557464,3557462,330113,2428456,9523,2760780,2,169.43034,96.0991,5.8203,82.60828,0,0,0,0,0,0,0,0,0,0,0,0,0,0,0,0,0,0,0,0,0,7000227,1776544,2167461,2241850,24348,2217502,3557464,1875707,1681751,2241850,297880,162470,135410,1622517,2166992,310630,1622517,2241850,0,0,0,0,0,0,0,0,0,0,0,0,0,0,0,0,0,0,0,0,0,0,0,0,0,0,0,0,0,0,0
620.omnetpp_s-141B,meta_selector_MTPS4800,0.23176,100000000,431477693,4451984,1749321,2702663,1146463,419841,726622,100399,196400,6279522,2627804,3651718,1870728,712254,1158474,4110310,4110309,418116,2365777,15181,2785946,1,167.50557,96.0991,5.8203,82.59398,1074584,1061812,105447,47.93306,47.36335,4.70359,0.92181,0.961,0,0.00046,0.01223,0,2241843,104823,105447,560652,94049,1481695,157419,759,0.05,7029678,1361840,2167623,2241843,24298,2217545,3567034,1879957,1687077,2241843,299444,134047,165397,1624202,2167013,312147,1624202,2241843,0,6970601,1301047,2131214,2241843,22375,2219468,3586581,1832183,1754398,2018306,0,2241843,430616,132130,298486,1285089,2129280,555586,1285089,2241843,0,2018306,0,2241843,2166016,1257651,820933,27713,15591,0
620.omnetpp_s-141B,tsetlin_no_dyn_deg,0.22994,100000000,434887778,3422896,1385005,2037891,1230924,428368,802556,104787,198307,4515605,1876504,2639101,1870776,633464,1237312,1788634,1788634,227877,1226301,7948,1455740,0,167.06088,96.0991,5.8203,82.55697,0,0,0,0,0,0,0,0,0,0,0,0,0,0,0,0,0,0,0,0,0,5599529,1796305,2173652,2241900,24299,2217601,1788634,0,0,2241900,278146,176186,101960,1506946,2173218,306784,1506946,2241900,1815528,0,0,0,0,0,0,0,0,0,0,0,0,0,0,0,0,0,0,0,0,0,0,0,0,0,0,0,0,0,0
620.omnetpp_s-141B,linucb_no_dyn_deg,0.23427,100000000,426865612,3080002,1405614,1674388,1118360,394933,723427,89248,187489,4636739,2329514,2307225,1870669,736048,1134621,2084847,2084847,381517,855550,22261,1238327,0,155.45421,96.0991,5.8203,82.56052,0,0,0,0,0,0,0,0,0,0,0,0,0,0,0,0,0,0,0,0,0,0,0,0,0,0,0,0,0,0,0,0,0,0,0,0,0,0,0,0,5671327,1889938,2135407,2241780,11079,2230701,2084847,0,0,2219780,0,2241780,545238,272043,273195,1532677,2134995,582593,1532677,2241780,2153661,2219780,0,0,0,0,0,0,0,0
620.omnetpp_s-141B,tsetlin_no_featurewise,0.22787,100000000,438849613,4258652,1529392,2729260,1280035,447468,832567,111497,222078,5392299,1933976,3458323,1870770,585627,1285143,2837455,2837455,212858,2146215,6148,2361114,0,178.33918,96.0991,5.8203,82.5859,0,0,0,0,0,0,0,0,0,0,0,0,0,0,0,0,0,0,0,0,0,6301294,1553768,2156910,2241892,24287,2217605,2837455,1576428,1260308,2241892,175235,107340,67895,1445263,2156439,191080,1445263,0,0,0,0,0,0,0,0,0,0,0,0,0,0,0,0,0,0,0,0,0,0,0,0,0,0,0,0,0,0,0,0
620.omnetpp_s-141B,linucb_no_featurewise,0.23356,100000000,428149816,3217738,1429931,1787807,1128351,408057,720294,101184,189465,4628441,2187729,2440712,1870697,729560,1141137,1998862,1998862,355692,1002225,16792,1359279,0,158.10816,96.0991,5.8203,82.54195,0,0,0,0,0,0,0,0,0,0,0,0,0,0,0,0,0,0,0,0,0,0,0,0,0,0,0,0,0,0,0,0,0,0,0,0,0,0,0,0,5734986,1979381,2106602,2241811,11067,2230744,1998862,205,175,2193815,0,2241811,485037,267254,217783,1491660,2106178,522860,1491660,0,0,2193815,0,0,0,0,0,0,0,0
620.omnetpp_s-141B,meta_selector_no_explore,0.23165,100000000,431681222,4441358,1753725,2687633,1141697,420378,721319,99662,196645,6278995,2637871,3641124,1870685,716003,1154682,4118678,4118672,424493,2354382,16108,2781033,6,171.88876,96.0991,5.8203,82.59806,1055792,1081683,104321,47.09581,48.25074,4.65346,0.90797,0.81051,0.00646,0,0.01244,0,2241796,103698,104321,569879,0,1567596,157273,802,0,7026323,1355040,2168032,2241796,24294,2217502,3571820,1881256,1689643,2241796,297180,133857,163323,1631995,2167474,309169,1631995,2241796,0,6955455,1307300,2132064,2241796,22371,2219425,3578350,1822064,1755456,2000631,0,2241796,437695,135650,302045,1256747,2129639,574168,1256747,2241796,0,2000631,0,2241796,2166094,1257520,821091,27825,15705,0
620.omnetpp_s-141B,linucb_no_suppress,0.23427,100000000,426862977,3080098,1406063,1674035,1118369,395077,723292,89263,187086,4636400,2329115,2307285,1870682,736042,1134640,2085155,2085155,381459,856230,22306,1238945,0,155.47815,96.0991,5.8203,82.5596,0,0,0,0,0,0,0,0,0,0,0,0,0,0,0,0,0,0,0,0,0,0,0,0,0,0,0,0,0,0,0,0,0,0,0,0,0,0,0,0,5671672,1889860,2135202,2241790,11207,2230583,2085155,1176,806,0,0,2241790,545026,271984,273042,1532167,2134791,582476,1532167,2241790,2153180,2219354,0,0,0,0,0,0,0,0
ligra_BFS.com-lj.ungraph.gcc_6.3.0_O3.drop_3500M.length_250M,nopref,0.9979,40000000,40084255,214694,560,214134,71568,0,71568,71568,70998,214704,71568,143136,71568,0,71568,0,0,0,0,0,0,0,148.21712,98.83182,2.67535,124.38181,0,0,0,0,0,0,0,0,0,0,0,0,0,0,0,0,0,0,0,0,0,0,0,0,0,0,0,0,0,0,0,0,0,0,0,0,0,0,0,0,0,0,0,0,0,0,0,0,0,0,0,0,0,0,0,0,0,0,0,0,0,0,0,0,0,0,0,0,0,0
ligra_BFS.com-lj.ungraph.gcc_6.3.0_O3.drop_3500M.length_250M,spp,1.36555,40000000,29292182,677587,463452,214135,19103,17501,1602,71568,70998,267169,124033,143136,71568,52465,19103,643881,643881,65554,0,0,65555,0,97.52203,98.83182,2.67535,124.33455,0,0,0,0,0,0,0,0,0,0,0,0,0,0,0,0,0,0,0,0,0,0,0,0,0,0,0,0,0,0,0,0,0,0,0,0,0,0,0,0,0,0,0,0,0,0,0,0,0,0,0,0,0,0,0,0,0,0,0,0,0,0,0,0,0,0,0,0,0,0
ligra_BFS.com-lj.ungraph.gcc_6.3.0_O3.drop_3500M.length_250M,bingo,1.37319,40000000,29129340,214700,550,214150,2237,0,2237,71568,70998,284051,140899,143152,71568,69331,2237,82739,82739,82713,0,0,82739,0,245.21431,98.83182,2.67535,124.321,0,0,0,0,0,0,0,0,0,0,0,0,0,0,0,0,0,0,0,0,0,0,0,0,0,0,0,0,0,0,0,0,0,0,0,0,0,0,0,0,0,0,0,0,0,0,0,0,0,0,0,0,0,0,0,0,0,0,0,0,0,0,0,0,0,0,0,0,0,0
ligra_BFS.com-lj.ungraph.gcc_6.3.0_O3.drop_3500M.length_250M,mlop,1.38164,40000000,28951205,214678,544,214134,1118,0,1118,71568,70998,285154,142018,143136,71568,70450,1118,87955,87955,87556,0,0,87572,0,163.96285,98.83182,2.67535,124.32029,0,0,0,0,0,0,0,0,0,0,0,0,0,0,0,0,0,0,0,0,0,0,0,0,0,0,0,0,0,0,0,0,0,0,0,0,0,0,0,0,0,0,0,0,0,0,0,0,0,0,0,0,0,0,0,0,0,0,0,0,0,0,0,0,0,0,0,0,0,0
ligra_BFS.com-lj.ungraph.gcc_6.3.0_O3.drop_3500M.length_250M,pythia,1.38156,40000000,28952689,214688,554,214134,1125,0,1125,71568,70998,582404,439268,143136,71568,70443,1125,459954,459954,88049,1,0,88056,0,175.00802,98.83182,2.67535,124.32044,0,0,0,0,0,0,0,0,0,0,0,0,0,0,0,0,0,0,0,0,0,0,0,0,0,0,0,0,0,0,0,0,0,0,0,0,0,0,0,0,0,0,0,0,0,0,0,0,0,0,0,0,0,0,0,0,0,0,0,0,0,0,0,0,0,0,0,0,0,0
ligra_BFS.com-lj.ungraph.gcc_6.3.0_O3.drop_3500M.length_250M,linucb,1.24353,40000000,32166379,214630,522,214108,24362,0,24362,71568,70998,283688,140578,143110,71568,47206,24362,88896,88896,57713,4,0,57729,0,154.1468,98.83182,2.67535,124.33921,0,0,0,0,0,0,0,0,0,0,0,0,0,0,0,0,0,0,0,0,0,0,0,0,0,0,0,0,0,0,0,0,0,0,0,0,0,0,0,0,221527,106920,69726,89456,457,88999,88896,41283,34284,87500,0,89456,53287,33892,19395,3617,69614,53626,3617,89456,0,87500,0,0,0,0,0,0,0,0
ligra_BFS.com-lj.ungraph.gcc_6.3.0_O3.drop_3500M.length_250M,tsetlin,1.37929,40000000,29000360,214690,556,214134,1468,0,1468,71568,70998,350518,207382,143136,71568,70100,1468,169308,169308,87590,2,0,87596,0,151.84539,98.83182,2.67535,124.32063,0,0,0,0,0,0,0,0,0,0,0,0,0,0,0,0,0,0,0,0,0,264189,93337,88020,89456,2854,86602,169308,85701,83607,89456,85178,6721,78457,559,87998,86437,559,89456,0,0,0,0,0,0,0,0,0,0,0,0,0,0,0,0,0,0,0,0,0,0,0,0,0,0,0,0,0,0,0
ligra_BFS.com-lj.ungraph.gcc_6.3.0_O3.drop_3500M.length_250M,meta_selector,1.33904,40000000,29872233,214660,531,214129,7549,0,7549,71568,70998,405576,262445,143131,71568,64019,7549,234402,234402,80858,6,0,80888,0,159.97862,98.83182,2.67535,124.3266,53976,33052,2428,60.33804,36.94777,2.71418,1.07755,1.11606,0.96374,0.11765,0.18306,0.9847,89456,0,2428,34000,15888,37140,5318,15,0.09745,257569,93972,88031,89456,2854,86602,169583,85800,83783,89456,85113,7434,77679,552,87827,86359,552,89456,0,245420,95706,68636,89456,904,88552,205962,54256,151706,87496,0,89456,51333,23546,27787,3849,67362,51664,3849,89456,0,87496,0,89456,89455,89442,13,171916,86657,0
ligra_BFS.com-lj.ungraph.gcc_6.3.0_O3.drop_3500M.length_250M,nopref_MTPS600,0.99159,40000000,40339370,214694,560,214134,71568,0,71568,71568,70998,214704,71568,143136,71568,0,71568,0,0,0,0,0,0,0,150.27197,98.83182,2.67535,124.38181,0,0,0,0,0,0,0,0,0,0,0,0,0,0,0,0,0,0,0,0,0,0,0,0,0,0,0,0,0,0,0,0,0,0,0,0,0,0,0,0,0,0,0,0,0,0,0,0,0,0,0,0,0,0,0,0,0,0,0,0,0,0,0,0,0,0,0,0,0,0
ligra_BFS.com-lj.ungraph.gcc_6.3.0_O3.drop_3500M.length_250M,spp_MTPS600,1.36452,40000000,29314254,676863,462728,214135,19103,17501,1602,71568,70998,267165,124029,143136,71568,52461,19107,643881,643881,65550,0,4,65551,0,101.5185,98.83182,2.67535,124.33454,0,0,0,0,0,0,0,0,0,0,0,0,0,0,0,0,0,0,0,0,0,0,0,0,0,0,0,0,0,0,0,0,0,0,0,0,0,0,0,0,0,0,0,0,0,0,0,0,0,0,0,0,0,0,0,0,0,0,0,0,0,0,0,0,0,0,0,0,0,0
ligra_BFS.com-lj.ungraph.gcc_6.3.0_O3.drop_3500M.length_250M,bingo_MTPS600,1.37125,40000000,29170403,214700,550,214150,2237,0,2237,71568,70998,284050,140898,143152,71568,69330,2238,82739,82739,82712,0,1,82738,0,593.69655,98.83182,2.67535,124.32105,0,0,0,0,0,0,0,0,0,0,0,0,0,0,0,0,0,0,0,0,0,0,0,0,0,0,0,0,0,0,0,0,0,0,0,0,0,0,0,0,0,0,0,0,0,0,0,0,0,0,0,0,0,0,0,0,0,0,0,0,0,0,0,0,0,0,0,0,0,0
ligra_BFS.com-lj.ungraph.gcc_6.3.0_O3.drop_3500M.length_250M,mlop_MTPS600,1.38109,40000000,28962627,214678,544,214134,1118,0,1118,71568,70998,285154,142018,143136,71568,70450,1118,87955,87955,87556,0,0,87572,0,217.73048,98.83182,2.67535,124.32029,0,0,0,0,0,0,0,0,0,0,0,0,0,0,0,0,0,0,0,0,0,0,0,0,0,0,0,0,0,0,0,0,0,0,0,0,0,0,0,0,0,0,0,0,0,0,0,0,0,0,0,0,0,0,0,0,0,0,0,0,0,0,0,0,0,0,0,0,0,0
ligra_BFS.com-lj.ungraph.gcc_6.3.0_O3.drop_3500M.length_250M,pythia_MTPS600,1.38138,40000000,28956496,214688,554,214134,1125,0,1125,71568,70998,582117,438981,143136,71568,70443,1125,459954,459954,88049,1,0,88056,0,181.15073,98.83182,2.67535,124.32044,0,0,0,0,0,0,0,0,0,0,0,0,0,0,0,0,0,0,0,0,0,0,0,0,0,0,0,0,0,0,0,0,0,0,0,0,0,0,0,0,0,0,0,0,0,0,0,0,0,0,0,0,0,0,0,0,0,0,0,0,0,0,0,0,0,0,0,0,0,0
ligra_BFS.com-lj.ungraph.gcc_6.3.0_O3.drop_3500M.length_250M,linucb_MTPS600,1.20757,40000000,33124393,214633,522,214111,26854,0,26854,71568,70998,277950,134837,143113,71568,44714,26854,83158,83158,55221,4,0,55240,0,165.39476,98.83182,2.67535,124.34327,0,0,0,0,0,0,0,0,0,0,0,0,0,0,0,0,0,0,0,0,0,0,0,0,0,0,0,0,0,0,0,0,0,0,0,0,0,0,0,0,218267,105545,66895,89456,457,88999,83158,41384,32148,87316,0,89456,49253,33719,15534,4160,66797,49622,4160,89456,0,87316,0,0,0,0,0,0,0,0
ligra_BFS.com-lj.ungraph.gcc_6.3.0_O3.drop_3500M.length_250M,tsetlin_MTPS600,1.37892,40000000,29008270,214690,556,214134,1473,0,1473,71568,70998,350130,206994,143136,71568,70095,1473,168962,168962,87585,2,0,87591,0,160.97308,98.83182,2.67535,124.32062,0,0,0,0,0,0,0,0,0,0,0,0,0,0,0,0,0,0,0,0,0,264184,93673,88020,89456,2854,86602,168962,85350,83261,89456,85178,7057,78121,559,87998,86437,559,89456,0,0,0,0,0,0,0,0,0,0,0,0,0,0,0,0,0,0,0,0,0,0,0,0,0,0,0,0,0,0,0
ligra_BFS.com-lj.ungraph.gcc_6.3.0_O3.drop_3500M.length_250M,meta_selector_MTPS600,1.33199,40000000,30030351,214643,531,214112,7752,0,7752,71568,70998,397860,254746,143114,71568,63814,7754,226762,226762,80653,6,2,80666,0,177.91368,98.83182,2.67535,124.32553,54803,32167,2486,61.26252,35.95846,2.77902,0.97771,1.76114,0.96374,0.11765,0.19293,0.9847,89456,0,2486,34124,15935,36911,5291,12,0.09745,257347,94701,88031,89456,2854,86602,164901,81091,79101,89456,85113,8163,76950,552,87827,86359,552,89456,0,244708,96548,68886,89456,904,88552,198142,54016,144126,87260,0,89456,50666,25309,25357,4404,67577,50988,4404,89456,0,87260,0,89456,89455,89442,13,171916,86657,0
ligra_BFS.com-lj.ungraph.gcc_6.3.0_O3.drop_3500M.length_250M,nopref_MTPS4800,0.99793,40000000,40083086,214694,560,214134,71568,0,71568,71568,70998,214704,71568,143136,71568,0,71568,0,0,0,0,0,0,0,148.19612,98.83182,2.67535,124.38181,0,0,0,0,0,0,0,0,0,0,0,0,0,0,0,0,0,0,0,0,0,0,0,0,0,0,0,0,0,0,0,0,0,0,0,0,0,0,0,0,0,0,0,0,0,0,0,0,0,0,0,0,0,0,0,0,0,0,0,0,0,0,0,0,0,0,0,0,0,0
ligra_BFS.com-lj.ungraph.gcc_6.3.0_O3.drop_3500M.length_250M,spp_MTPS4800,1.36557,40000000,29291887,677587,463452,214135,19103,17501,1602,71568,70998,267169,124033,143136,71568,52465,19103,643881,643881,65554,0,0,65555,0,97.42248,98.83182,2.67535,124.33457,0,0,0,0,0,0,0,0,0,0,0,0,0,0,0,0,0,0,0,0,0,0,0,0,0,0,0,0,0,0,0,0,0,0,0,0,0,0,0,0,0,0,0,0,0,0,0,0,0,0,0,0,0,0,0,0,0,0,0,0,0,0,0,0,0,0,0,0,0,0
ligra_BFS.com-lj.ungraph.gcc_6.3.0_O3.drop_3500M.length_250M,bingo_MTPS4800,1.37331,40000000,29126788,214700,550,214150,2237,0,2237,71568,70998,284051,140899,143152,71568,69331,2237,82739,82739,82713,0,0,82739,0,202.07308,98.83182,2.67535,124.32097,0,0,0,0,0,0,0,0,0,0,0,0,0,0,0,0,0,0,0,0,0,0,0,0,0,0,0,0,0,0,0,0,0,0,0,0,0,0,0,0,0,0,0,0,0,0,0,0,0,0,0,0,0,0,0,0,0,0,0,0,0,0,0,0,0,0,0,0,0,0
ligra_BFS.com-lj.ungraph.gcc_6.3.0_O3.drop_3500M.length_250M,mlop_MTPS4800,1.38163,40000000,28951216,214678,544,214134,1118,0,1118,71568,70998,285154,142018,143136,71568,70450,1118,87955,87955,87556,0,0,87572,0,157.71208,98.83182,2.67535,124.32029,0,0,0,0,0,0,0,0,0,0,0,0,0,0,0,0,0,0,0,0,0,0,0,0,0,0,0,0,0,0,0,0,0,0,0,0,0,0,0,0,0,0,0,0,0,0,0,0,0,0,0,0,0,0,0,0,0,0,0,0,0,0,0,0,0,0,0,0,0,0
ligra_BFS.com-lj.ungraph.gcc_6.3.0_O3.drop_3500M.length_250M,pythia_MTPS4800,1.38158,40000000,28952397,214688,554,214134,1125,0,1125,71568,70998,582407,439271,143136,71568,70443,1125,459954,459954,88049,1,0,88056,0,174.42455,98.83182,2.67535,124.32044,0,0,0,0,0,0,0,0,0,0,0,0,0,0,0,0,0,0,0,0,0,0,0,0,0,0,0,0,0,0,0,0,0,0,0,0,0,0,0,0,0,0,0,0,0,0,0,0,0,0,0,0,0,0,0,0,0,0,0,0,0,0,0,0,0,0,0,0,0,0
ligra_BFS.com-lj.ungraph.gcc_6.3.0_O3.drop_3500M.length_250M,linucb_MTPS4800,1.21735,40000000,32858324,214629,522,214107,27567,0,27567,71568,70998,280121,137012,143109,71568,44001,27567,85329,85329,54508,4,0,54523,0,153.89366,98.83182,2.67535,124.34392,0,0,0,0,0,0,0,0,0,0,0,0,0,0,0,0,0,0,0,0,0,0,0,0,0,0,0,0,0,0,0,0,0,0,0,0,0,0,0,0,218169,103568,65655,89456,457,88999,85329,40552,34940,87500,0,89456,49064,30692,18372,3521,65546,49402,3521,89456,0,87500,0,0,0,0,0,0,0,0
ligra_BFS.com-lj.ungraph.gcc_6.3.0_O3.drop_3500M.length_250M,tsetlin_MTPS4800,1.3793,40000000,29000163,214690,556,214134,1468,0,1468,71568,70998,350518,207382,143136,71568,70100,1468,169308,169308,87590,2,0,87596,0,151.54871,98.83182,2.67535,124.32066,0,0,0,0,0,0,0,0,0,0,0,0,0,0,0,0,0,0,0,0,0,264189,93337,88020,89456,2854,86602,169308,85701,83607,89456,85178,6721,78457,559,87998,86437,559,89456,0,0,0,0,0,0,0,0,0,0,0,0,0,0,0,0,0,0,0,0,0,0,0,0,0,0,0,0,0,0,0
ligra_BFS.com-lj.ungraph.gcc_6.3.0_O3.drop_3500M.length_250M,meta_selector_MTPS4800,1.33213,40000000,30027146,214658,531,214127,8438,0,8438,71568,70998,403030,259901,143129,71568,63130,8438,231850,231850,79969,6,0,79997,0,158.00873,98.83182,2.67535,124.32464,53043,33910,2503,59.29507,37.9069,2.79802,1.12321,0.95669,0.96374,0.11765,0.18527,0.9847,89456,0,2503,34871,15661,36421,5226,13,0.09745,256678,93721,88031,89456,2854,86602,169583,85800,83783,89456,85113,7182,77931,552,87827,86359,552,89456,0,244089,95880,68055,89456,904,88552,196460,53235,143225,87517,0,89456,50344,24132,26212,3924,66753,50710,3924,89456,0,87517,0,89456,89455,89442,13,171916,86657,0
ligra_BFS.com-lj.ungraph.gcc_6.3.0_O3.drop_3500M.length_250M,tsetlin_no_dyn_deg,1.36665,40000000,29268674,214692,558,214134,3254,0,3254,71568,70998,283407,140271,143136,71568,68314,3254,85663,85663,85140,1,0,85143,0,148.86386,98.83182,2.67535,124.3235,0,0,0,0,0,0,0,0,0,0,0,0,0,0,0,0,0,0,0,0,0,261707,171728,88011,89456,2854,86602,85663,0,0,89456,85140,85140,0,564,87989,86399,564,89456,134045,0,0,0,0,0,0,0,0,0,0,0,0,0,0,0,0,0,0,0,0,0,0,0,0,0,0,0,0,0,0
ligra_BFS.com-lj.ungraph.gcc_6.3.0_O3.drop_3500M.length_250M,linucb_no_dyn_deg,1.3124,40000000,30478459,214683,549,214134,13930,0,13930,71568,70998,272419,129283,143136,71568,57638,13930,70695,70695,69153,1,0,69165,0,149.58304,98.83182,2.67535,124.32928,0,0,0,0,0,0,0,0,0,0,0,0,0,0,0,0,0,0,0,0,0,0,0,0,0,0,0,0,0,0,0,0,0,0,0,0,0,0,0,0,231492,140494,87280,89456,457,88999,70695,0,0,87449,0,89456,69153,69153,0,2904,87181,69154,2904,89456,114842,87449,0,0,0,0,0,0,0,0
ligra_BFS.com-lj.ungraph.gcc_6.3.0_O3.drop_3500M.length_250M,tsetlin_no_featurewise,1.37391,40000000,29113963,214690,556,214134,2252,0,2252,71568,70998,348890,205754,143136,71568,69316,2252,167721,167721,86805,2,0,86811,0,149.97799,98.83182,2.67535,124.322,0,0,0,0,0,0,0,0,0,0,0,0,0,0,0,0,0,0,0,0,0,263539,94341,87078,89456,2854,86602,167721,84894,82827,89456,84371,7590,76781,551,87063,85700,551,0,0,0,0,0,0,0,0,0,0,0,0,0,0,0,0,0,0,0,0,0,0,0,0,0,0,0,0,0,0,0,0
ligra_BFS.com-lj.ungraph.gcc_6.3.0_O3.drop_3500M.length_250M,linucb_no_featurewise,1.26456,40000000,31631495,214661,540,214121,19653,0,19653,71568,70998,283932,140809,143123,71568,51915,19653,82555,82555,62305,1,0,62313,0,154.48546,98.83182,2.67535,124.33451,0,0,0,0,0,0,0,0,0,0,0,0,0,0,0,0,0,0,0,0,0,0,0,0,0,0,0,0,0,0,0,0,0,0,0,0,0,0,0,0,236205,125241,63867,89456,457,88999,82555,29866,23708,87347,0,89456,57389,42256,15133,1331,63848,58316,1331,0,0,87347,0,0,0,0,0,0,0,0
ligra_BFS.com-lj.ungraph.gcc_6.3.0_O3.drop_3500M.length_250M,meta_selector_no_explore,1.31715,40000000,30368621,214675,539,214136,11243,0,11243,71568,70998,389533,246395,143138,71568,60325,11243,223467,223467,76863,2,0,76888,0,158.94879,98.83182,2.67535,124.32889,50972,35945,2539,56.97997,40.18177,2.83827,0.90722,3.08212,0.96374,0.11765,0.19123,0.9847,89456,1,2539,37578,0,49339,4909,9,0,253572,92969,88039,89456,2854,86602,169619,85811,83808,89456,85246,6304,78942,554,87962,86499,554,89456,0,239929,95140,66316,89456,904,88552,172691,50445,122246,87565,0,89456,46085,25909,20176,4182,63035,46436,4182,89456,0,87565,0,89456,89455,89442,13,171916,86657,0
ligra_BFS.com-lj.ungraph.gcc_6.3.0_O3.drop_3500M.length_250M,linucb_no_suppress,1.31247,40000000,30476992,214682,548,214134,13690,0,13690,71568,70998,272674,129538,143136,71568,57878,13690,72570,72570,69342,1,0,69355,0,152.14812,98.83182,2.67535,124.32816,0,0,0,0,0,0,0,0,0,0,0,0,0,0,0,0,0,0,0,0,0,0,0,0,0,0,0,0,0,0,0,0,0,0,0,0,0,0,0,0,231567,140159,87583,89456,457,88999,72570,2013,1687,0,0,89456,69213,69060,153,5265,87488,69660,5265,89456,117710,87448,0,0,0,0,0,0,0,0
ligra_PageRank.com-lj.ungraph.gcc_6.3.0_O3.drop_500M.length_250M,nopref,0.92688,40000000,43155748,185654,13734,171920,92827,0,92827,0,79093,185654,92827,92827,92827,0,92827,0,0,0,0,0,0,0,195.01546,99.23448,2.44062,96.2671,0,0,0,0,0,0,0,0,0,0,0,0,0,0,0,0,0,0,0,0,0,0,0,0,0,0,0,0,0,0,0,0,0,0,0,0,0,0,0,0,0,0,0,0,0,0,0,0,0,0,0,0,0,0,0,0,0,0,0,0,0,0,0,0,0,0,0,0,0,0
ligra_PageRank.com-lj.ungraph.gcc_6.3.0_O3.drop_500M.length_250M,spp,1.24518,40000000,32123908,786443,693538,92905,24797,22672,2125,0,80,253684,160857,92827,92827,68030,24797,835109,835109,84951,0,0,84952,0,36.18488,99.23448,2.44062,87.1353,0,0,0,0,0,0,0,0,0,0,0,0,0,0,0,0,0,0,0,0,0,0,0,0,0,0,0,0,0,0,0,0,0,0,0,0,0,0,0,0,0,0,0,0,0,0,0,0,0,0,0,0,0,0,0,0,0,0,0,0,0,0,0,0,0,0,0,0,0,0
ligra_PageRank.com-lj.ungraph.gcc_6.3.0_O3.drop_500M.length_250M,bingo,1.23968,40000000,32266267,185664,16146,169518,2901,0,2901,0,76686,275585,182753,92832,92827,89926,2901,108469,108469,108440,0,0,108469,0,362.62936,99.23448,2.44062,87.00838,0,0,0,0,0,0,0,0,0,0,0,0,0,0,0,0,0,0,0,0,0,0,0,0,0,0,0,0,0,0,0,0,0,0,0,0,0,0,0,0,0,0,0,0,0,0,0,0,0,0,0,0,0,0,0,0,0,0,0,0,0,0,0,0,0,0,0,0,0,0
ligra_PageRank.com-lj.ungraph.gcc_6.3.0_O3.drop_500M.length_250M,mlop,1.24692,40000000,32078922,185652,13986,171666,1450,0,1450,0,78840,277030,184204,92826,92827,91377,1450,114048,114048,113643,0,0,113658,0,218.51684,99.23448,2.44062,86.87159,0,0,0,0,0,0,0,0,0,0,0,0,0,0,0,0,0,0,0,0,0,0,0,0,0,0,0,0,0,0,0,0,0,0,0,0,0,0,0,0,0,0,0,0,0,0,0,0,0,0,0,0,0,0,0,0,0,0,0,0,0,0,0,0,0,0,0,0,0,0
ligra_PageRank.com-lj.ungraph.gcc_6.3.0_O3.drop_500M.length_250M,pythia,1.24689,40000000,32079881,185656,13730,171926,1457,0,1457,0,79098,662374,569546,92828,92827,91339,1488,596115,596115,114104,1,31,114110,0,196.32297,99.23448,2.44062,86.87243,0,0,0,0,0,0,0,0,0,0,0,0,0,0,0,0,0,0,0,0,0,0,0,0,0,0,0,0,0,0,0,0,0,0,0,0,0,0,0,0,0,0,0,0,0,0,0,0,0,0,0,0,0,0,0,0,0,0,0,0,0,0,0,0,0,0,0,0,0,0
ligra_PageRank.com-lj.ungraph.gcc_6.3.0_O3.drop_500M.length_250M,linucb,1.12491,40000000,35558478,185654,13727,171927,30587,0,30587,0,79100,275423,182596,92827,92827,62186,30641,115123,115123,76052,4,54,76065,0,199.637,99.23448,2.44062,89.89787,0,0,0,0,0,0,0,0,0,0,0,0,0,0,0,0,0,0,0,0,0,0,0,0,0,0,0,0,0,0,0,0,0,0,0,0,0,0,0,0,289174,140520,90058,115957,569,115388,115123,55447,43870,114240,0,115957,69498,45118,24380,4599,89964,69871,4599,115957,0,114240,0,0,0,0,0,0,0,0
ligra_PageRank.com-lj.ungraph.gcc_6.3.0_O3.drop_500M.length_250M,tsetlin,1.24576,40000000,32108902,185650,13734,171916,1707,0,1707,0,79091,363131,270306,92825,92827,91100,1727,220929,220929,113717,2,20,113720,0,195.69558,99.23448,2.44062,86.88892,0,0,0,0,0,0,0,0,0,0,0,0,0,0,0,0,0,0,0,0,0,342909,121013,114427,115957,3067,112890,220929,111702,109227,115957,111124,8358,102766,648,114417,112747,648,115957,0,0,0,0,0,0,0,0,0,0,0,0,0,0,0,0,0,0,0,0,0,0,0,0,0,0,0,0,0,0,0
ligra_PageRank.com-lj.ungraph.gcc_6.3.0_O3.drop_500M.length_250M,meta_selector,1.19738,40000000,33406367,185654,13714,171940,12410,0,12410,0,79113,423081,330254,92827,92827,80398,12429,296410,296410,101997,6,19,102024,0,204.45573,99.23448,2.44062,88.03677,67604,45266,3087,58.30092,39.03688,2.66219,1.10268,1.0635,1,0.11765,0.18339,1,115957,0,3087,46498,16239,50133,6666,11,0.05,331187,121910,114418,115957,3067,112890,220839,111667,109172,115957,110919,9452,101467,656,114226,112536,656,115957,0,314607,127337,86906,115957,1163,114794,239945,67575,172370,113311,0,115957,65007,33273,31734,4542,85643,65466,4542,115957,0,113311,0,115957,115955,115947,8,230028,115920,0
ligra_PageRank.com-lj.ungraph.gcc_6.3.0_O3.drop_500M.length_250M,nopref_MTPS600,0.92687,40000000,43156022,185654,13734,171920,92827,0,92827,0,79093,185654,92827,92827,92827,0,92827,0,0,0,0,0,0,0,195.0187,99.23448,2.44062,96.2671,0,0,0,0,0,0,0,0,0,0,0,0,0,0,0,0,0,0,0,0,0,0,0,0,0,0,0,0,0,0,0,0,0,0,0,0,0,0,0,0,0,0,0,0,0,0,0,0,0,0,0,0,0,0,0,0,0,0,0,0,0,0,0,0,0,0,0,0,0,0
ligra_PageRank.com-lj.ungraph.gcc_6.3.0_O3.drop_500M.length_250M,spp_MTPS600,1.24525,40000000,32121968,780958,688053,92905,24797,22672,2125,0,80,253684,160857,92827,92827,68030,24797,835109,835109,84951,0,0,84952,0,36.6285,99.23448,2.44062,87.1353,0,0,0,0,0,0,0,0,0,0,0,0,0,0,0,0,0,0,0,0,0,0,0,0,0,0,0,0,0,0,0,0,0,0,0,0,0,0,0,0,0,0,0,0,0,0,0,0,0,0,0,0,0,0,0,0,0,0,0,0,0,0,0,0,0,0,0,0,0,0
ligra_PageRank.com-lj.ungraph.gcc_6.3.0_O3.drop_500M.length_250M,bingo_MTPS600,1.23879,40000000,32289700,185634,16146,169488,2901,0,2901,0,76671,275570,182753,92817,92827,89926,2901,108469,108469,108440,0,0,108454,0,985.16983,99.23448,2.44062,87.00838,0,0,0,0,0,0,0,0,0,0,0,0,0,0,0,0,0,0,0,0,0,0,0,0,0,0,0,0,0,0,0,0,0,0,0,0,0,0,0,0,0,0,0,0,0,0,0,0,0,0,0,0,0,0,0,0,0,0,0,0,0,0,0,0,0,0,0,0,0,0
ligra_PageRank.com-lj.ungraph.gcc_6.3.0_O3.drop_500M.length_250M,mlop_MTPS600,1.24692,40000000,32079029,185652,13986,171666,1450,0,1450,0,78840,277030,184204,92826,92827,91377,1450,114048,114048,113643,0,0,113658,0,312.33473,99.23448,2.44062,86.87159,0,0,0,0,0,0,0,0,0,0,0,0,0,0,0,0,0,0,0,0,0,0,0,0,0,0,0,0,0,0,0,0,0,0,0,0,0,0,0,0,0,0,0,0,0,0,0,0,0,0,0,0,0,0,0,0,0,0,0,0,0,0,0,0,0,0,0,0,0,0
ligra_PageRank.com-lj.ungraph.gcc_6.3.0_O3.drop_500M.length_250M,pythia_MTPS600,1.24689,40000000,32079881,185656,13730,171926,1457,0,1457,0,79098,661269,568441,92828,92827,91339,1488,596115,596115,114104,1,31,114110,0,201.37264,99.23448,2.44062,86.87243,0,0,0,0,0,0,0,0,0,0,0,0,0,0,0,0,0,0,0,0,0,0,0,0,0,0,0,0,0,0,0,0,0,0,0,0,0,0,0,0,0,0,0,0,0,0,0,0,0,0,0,0,0,0,0,0,0,0,0,0,0,0,0,0,0,0,0,0,0,0
ligra_PageRank.com-lj.ungraph.gcc_6.3.0_O3.drop_500M.length_250M,linucb_MTPS600,1.12371,40000000,35596398,185652,13730,171922,31073,0,31073,0,79096,276182,183356,92826,92827,61666,31161,116136,116136,75532,4,88,75544,0,217.13374,99.23448,2.44062,89.87186,0,0,0,0,0,0,0,0,0,0,0,0,0,0,0,0,0,0,0,0,0,0,0,0,0,0,0,0,0,0,0,0,0,0,0,0,0,0,0,0,289025,140154,89577,115957,569,115388,116136,54737,44992,114133,0,115957,69036,44734,24302,4875,89449,69520,4875,115957,0,114133,0,0,0,0,0,0,0,0
ligra_PageRank.com-lj.ungraph.gcc_6.3.0_O3.drop_500M.length_250M,tsetlin_MTPS600,1.24576,40000000,32108963,185650,13734,171916,1710,0,1710,0,79091,362762,269937,92825,92827,91097,1730,220902,220902,113714,2,20,113717,0,199.19152,99.23448,2.44062,86.88892,0,0,0,0,0,0,0,0,0,0,0,0,0,0,0,0,0,0,0,0,0,342906,121192,114427,115957,3067,112890,220902,111674,109200,115957,111124,8537,102587,648,114417,112747,648,115957,0,0,0,0,0,0,0,0,0,0,0,0,0,0,0,0,0,0,0,0,0,0,0,0,0,0,0,0,0,0,0
ligra_PageRank.com-lj.ungraph.gcc_6.3.0_O3.drop_500M.length_250M,meta_selector_MTPS600,1.1955,40000000,33458768,185658,13709,171949,12954,0,12954,0,79120,415524,322695,92829,92827,79842,12985,289612,289612,101441,6,31,101470,0,234.47126,99.23448,2.44062,88.04005,68117,44717,3123,58.74333,38.56343,2.69324,1.09815,1.10556,1,0.11765,0.18538,1,115957,0,3123,47621,16137,49076,6550,11,0.05,330633,122296,114418,115957,3067,112890,217292,108105,105625,115957,110919,9838,101081,656,114226,112536,656,115957,0,313218,126458,86546,115957,1163,114794,228410,66380,162030,113219,0,115957,63530,33512,30018,5087,85234,64008,5087,115957,0,113219,0,115957,115955,115947,8,230028,115920,0
ligra_PageRank.com-lj.ungraph.gcc_6.3.0_O3.drop_500M.length_250M,nopref_MTPS4800,0.92688,40000000,43155748,185654,13734,171920,92827,0,92827,0,79093,185654,92827,92827,92827,0,92827,0,0,0,0,0,0,0,195.01546,99.23448,2.44062,96.2671,0,0,0,0,0,0,0,0,0,0,0,0,0,0,0,0,0,0,0,0,0,0,0,0,0,0,0,0,0,0,0,0,0,0,0,0,0,0,0,0,0,0,0,0,0,0,0,0,0,0,0,0,0,0,0,0,0,0,0,0,0,0,0,0,0,0,0,0,0,0
ligra_PageRank.com-lj.ungraph.gcc_6.3.0_O3.drop_500M.length_250M,spp_MTPS4800,1.24518,40000000,32123908,786443,693538,92905,24797,22672,2125,0,80,253684,160857,92827,92827,68030,24797,835109,835109,84951,0,0,84952,0,36.15004,99.23448,2.44062,87.1353,0,0,0,0,0,0,0,0,0,0,0,0,0,0,0,0,0,0,0,0,0,0,0,0,0,0,0,0,0,0,0,0,0,0,0,0,0,0,0,0,0,0,0,0,0,0,0,0,0,0,0,0,0,0,0,0,0,0,0,0,0,0,0,0,0,0,0,0,0,0
ligra_PageRank.com-lj.ungraph.gcc_6.3.0_O3.drop_500M.length_250M,bingo_MTPS4800,1.2398,40000000,32263201,185664,16146,169518,2901,0,2901,0,76686,275585,182753,92832,92827,89926,2901,108469,108469,108440,0,0,108469,0,268.26873,99.23448,2.44062,87.00838,0,0,0,0,0,0,0,0,0,0,0,0,0,0,0,0,0,0,0,0,0,0,0,0,0,0,0,0,0,0,0,0,0,0,0,0,0,0,0,0,0,0,0,0,0,0,0,0,0,0,0,0,0,0,0,0,0,0,0,0,0,0,0,0,0,0,0,0,0,0
ligra_PageRank.com-lj.ungraph.gcc_6.3.0_O3.drop_500M.length_250M,mlop_MTPS4800,1.24692,40000000,32078922,185652,13986,171666,1450,0,1450,0,78840,277030,184204,92826,92827,91377,1450,114048,114048,113643,0,0,113658,0,205.03044,99.23448,2.44062,86.87159,0,0,0,0,0,0,0,0,0,0,0,0,0,0,0,0,0,0,0,0,0,0,0,0,0,0,0,0,0,0,0,0,0,0,0,0,0,0,0,0,0,0,0,0,0,0,0,0,0,0,0,0,0,0,0,0,0,0,0,0,0,0,0,0,0,0,0,0,0,0
ligra_PageRank.com-lj.ungraph.gcc_6.3.0_O3.drop_500M.length_250M,pythia_MTPS4800,1.24689,40000000,32079881,185656,13730,171926,1457,0,1457,0,79098,662789,569961,92828,92827,91339,1488,596115,596115,114104,1,31,114110,0,195.50352,99.23448,2.44062,86.87243,0,0,0,0,0,0,0,0,0,0,0,0,0,0,0,0,0,0,0,0,0,0,0,0,0,0,0,0,0,0,0,0,0,0,0,0,0,0,0,0,0,0,0,0,0,0,0,0,0,0,0,0,0,0,0,0,0,0,0,0,0,0,0,0,0,0,0,0,0,0
ligra_PageRank.com-lj.ungraph.gcc_6.3.0_O3.drop_500M.length_250M,linucb_MTPS4800,1.13011,40000000,35394926,185648,13729,171919,29297,0,29297,0,79095,278848,186024,92824,92827,63467,29360,118549,118549,77333,4,63,77343,0,197.59631,99.23448,2.44062,89.74012,0,0,0,0,0,0,0,0,0,0,0,0,0,0,0,0,0,0,0,0,0,0,0,0,0,0,0,0,0,0,0,0,0,0,0,0,0,0,0,0,291262,141578,90574,115957,569,115388,118549,55563,45970,114240,0,115957,70825,45366,25459,4461,90457,71251,4461,115957,0,114240,0,0,0,0,0,0,0,0
ligra_PageRank.com-lj.ungraph.gcc_6.3.0_O3.drop_500M.length_250M,tsetlin_MTPS4800,1.24576,40000000,32108902,185650,13734,171916,1707,0,1707,0,79091,363161,270336,92825,92827,91100,1727,220929,220929,113717,2,20,113720,0,195.23189,99.23448,2.44062,86.88892,0,0,0,0,0,0,0,0,0,0,0,0,0,0,0,0,0,0,0,0,0,342909,120891,114427,115957,3067,112890,220929,111702,109227,115957,111124,8236,102888,648,114417,112747,648,115957,0,0,0,0,0,0,0,0,0,0,0,0,0,0,0,0,0,0,0,0,0,0,0,0,0,0,0,0,0,0,0
ligra_PageRank.com-lj.ungraph.gcc_6.3.0_O3.drop_500M.length_250M,meta_selector_MTPS4800,1.18215,40000000,33836532,185632,13711,171921,14947,0,14947,0,79105,408482,315666,92816,92827,77860,14967,281656,281656,99459,6,20,99475,0,203.81525,99.23448,2.44062,88.2218,67795,45081,3081,58.46564,38.87734,2.65702,0.92549,2.36417,1,0.11765,0.18531,1,115957,0,3081,45308,16987,50581,6815,14,0.05,328638,121922,114418,115957,3067,112890,220839,111667,109172,115957,110919,9464,101455,656,114226,112536,656,115957,0,310133,127612,90033,115957,1163,114794,228903,68777,160126,113311,0,115957,66244,35439,30805,4932,88755,66667,4932,115957,0,113311,0,115957,115955,115947,8,230028,115920,0
ligra_PageRank.com-lj.ungraph.gcc_6.3.0_O3.drop_500M.length_250M,tsetlin_no_dyn_deg,1.23778,40000000,32315797,185652,13735,171917,3579,0,3579,0,79091,274616,181790,92826,92827,88578,4249,111428,111428,110161,1,670,110162,0,193.63924,99.23448,2.44062,87.05538,0,0,0,0,0,0,0,0,0,0,0,0,0,0,0,0,0,0,0,0,0,339139,222585,114365,115957,3067,112890,111428,0,0,115957,110831,110161,670,691,114355,112454,691,115957,160712,0,0,0,0,0,0,0,0,0,0,0,0,0,0,0,0,0,0,0,0,0,0,0,0,0,0,0,0,0,0
ligra_PageRank.com-lj.ungraph.gcc_6.3.0_O3.drop_500M.length_250M,linucb_no_dyn_deg,1.17004,40000000,34186931,185662,13730,171932,19125,0,19125,0,79101,259460,166629,92831,92827,73702,19125,91531,91531,89872,1,0,89883,0,195.69141,99.23448,2.44062,88.70484,0,0,0,0,0,0,0,0,0,0,0,0,0,0,0,0,0,0,0,0,0,0,0,0,0,0,0,0,0,0,0,0,0,0,0,0,0,0,0,0,301575,183959,111753,115957,569,115388,91531,0,0,114355,0,115957,89872,89872,0,3304,111651,89873,3304,115957,148524,114355,0,0,0,0,0,0,0,0
ligra_PageRank.com-lj.ungraph.gcc_6.3.0_O3.drop_500M.length_250M,tsetlin_no_featurewise,1.24015,40000000,32254161,185650,13734,171916,2830,0,2830,0,79091,360623,267798,92825,92827,89974,2853,218398,218398,112561,2,23,112564,0,195.96469,99.23448,2.44062,87.01338,0,0,0,0,0,0,0,0,0,0,0,0,0,0,0,0,0,0,0,0,0,341758,122382,113238,115957,3067,112890,218398,110518,107880,115957,109950,9712,100238,609,113228,111638,609,0,0,0,0,0,0,0,0,0,0,0,0,0,0,0,0,0,0,0,0,0,0,0,0,0,0,0,0,0,0,0,0
ligra_PageRank.com-lj.ungraph.gcc_6.3.0_O3.drop_500M.length_250M,linucb_no_featurewise,1.18381,40000000,33789191,185648,13725,171923,16889,0,16889,0,79099,298090,205266,92824,92827,75816,17011,130521,130521,89915,1,122,89925,0,198.56894,99.23448,2.44062,88.43775,0,0,0,0,0,0,0,0,0,0,0,0,0,0,0,0,0,0,0,0,0,0,0,0,0,0,0,0,0,0,0,0,0,0,0,0,0,0,0,0,316210,168494,89853,115957,569,115388,130521,53097,46297,114348,0,115957,82459,59926,22533,1894,89825,83387,1894,0,0,114348,0,0,0,0,0,0,0,0
ligra_PageRank.com-lj.ungraph.gcc_6.3.0_O3.drop_500M.length_250M,meta_selector_no_explore,1.19451,40000000,33486455,185670,13712,171958,12952,0,12952,0,79123,424282,331447,92835,92827,79863,12964,301098,301098,100879,2,12,100908,0,203.33939,99.23448,2.44062,88.0515,65569,47232,3156,56.54596,40.73234,2.7217,0.9422,3.70227,1,0.11765,0.18785,1,115957,0,3156,44097,0,68704,6860,15,0,329783,120509,114414,115957,3067,112890,219966,111375,108591,115957,110741,8224,102517,684,114338,112361,684,115957,0,312762,125962,90190,115957,1163,114794,245163,70130,175033,113975,0,115957,65696,34487,31209,4993,87081,66075,4993,115957,0,113975,0,115957,115955,115947,8,230028,115920,0
ligra_PageRank.com-lj.ungraph.gcc_6.3.0_O3.drop_500M.length_250M,linucb_no_suppress,1.1601,40000000,34479929,185666,13729,171937,21136,0,21136,0,79104,258257,165424,92833,92827,71691,21136,91830,91830,87366,2,0,87378,0,195.64911,99.23448,2.44062,88.94408,0,0,0,0,0,0,0,0,0,0,0,0,0,0,0,0,0,0,0,0,0,0,0,0,0,0,0,0,0,0,0,0,0,0,0,0,0,0,0,0,298449,178992,109411,115957,569,115388,91830,5300,3262,0,0,115957,86872,85563,1309,2212,109315,86873,2212,115957,144433,114353,0,0,0,0,0,0,0,0
ligra_Triangle.com-lj.ungraph.gcc_6.3.0_O3.drop_3500M.length_250M,nopref,0.99778,40000002,40088942,214697,557,214140,71569,0,71569,71569,71002,214707,71569,143138,71569,0,71569,0,0,0,0,0,0,0,148.21295,98.83183,2.67535,124.37479,0,0,0,0,0,0,0,0,0,0,0,0,0,0,0,0,0,0,0,0,0,0,0,0,0,0,0,0,0,0,0,0,0,0,0,0,0,0,0,0,0,0,0,0,0,0,0,0,0,0,0,0,0,0,0,0,0,0,0,0,0,0,0,0,0,0,0,0,0,0
ligra_Triangle.com-lj.ungraph.gcc_6.3.0_O3.drop_3500M.length_250M,spp,1.36549,40000002,29293457,677568,463430,214138,19103,17501,1602,71568,71001,267170,124034,143136,71569,52466,19103,643819,643819,65552,0,0,65552,0,97.50574,98.83183,2.67535,124.32799,0,0,0,0,0,0,0,0,0,0,0,0,0,0,0,0,0,0,0,0,0,0,0,0,0,0,0,0,0,0,0,0,0,0,0,0,0,0,0,0,0,0,0,0,0,0,0,0,0,0,0,0,0,0,0,0,0,0,0,0,0,0,0,0,0,0,0,0,0,0
ligra_Triangle.com-lj.ungraph.gcc_6.3.0_O3.drop_3500M.length_250M,bingo,1.37301,40000002,29132977,214703,550,214153,2237,0,2237,71568,71001,284052,140900,143152,71569,69332,2237,82739,82739,82717,0,0,82739,0,245.26264,98.83183,2.67535,124.31454,0,0,0,0,0,0,0,0,0,0,0,0,0,0,0,0,0,0,0,0,0,0,0,0,0,0,0,0,0,0,0,0,0,0,0,0,0,0,0,0,0,0,0,0,0,0,0,0,0,0,0,0,0,0,0,0,0,0,0,0,0,0,0,0,0,0,0,0,0,0
ligra_Triangle.com-lj.ungraph.gcc_6.3.0_O3.drop_3500M.length_250M,mlop,1.3815,40000002,28953948,214678,541,214137,1118,0,1118,71568,71001,285155,142019,143136,71569,70451,1118,87572,87572,87556,0,0,87571,0,163.80551,98.83183,2.67535,124.31353,0,0,0,0,0,0,0,0,0,0,0,0,0,0,0,0,0,0,0,0,0,0,0,0,0,0,0,0,0,0,0,0,0,0,0,0,0,0,0,0,0,0,0,0,0,0,0,0,0,0,0,0,0,0,0,0,0,0,0,0,0,0,0,0,0,0,0,0,0,0
ligra_Triangle.com-lj.ungraph.gcc_6.3.0_O3.drop_3500M.length_250M,pythia,1.38138,40000002,28956555,214688,551,214137,1127,0,1127,71568,71001,582392,439256,143136,71569,70442,1127,459917,459917,88043,1,0,88049,0,175.04494,98.83183,2.67535,124.31358,0,0,0,0,0,0,0,0,0,0,0,0,0,0,0,0,0,0,0,0,0,0,0,0,0,0,0,0,0,0,0,0,0,0,0,0,0,0,0,0,0,0,0,0,0,0,0,0,0,0,0,0,0,0,0,0,0,0,0,0,0,0,0,0,0,0,0,0,0,0
ligra_Triangle.com-lj.ungraph.gcc_6.3.0_O3.drop_3500M.length_250M,linucb,1.24253,40000002,32192304,214637,524,214113,24570,0,24570,71568,71001,284852,141740,143112,71569,46999,24570,91177,91177,57203,4,0,57215,0,154.61774,98.83183,2.67535,124.33404,0,0,0,0,0,0,0,0,0,0,0,0,0,0,0,0,0,0,0,0,0,0,0,0,0,0,0,0,0,0,0,0,0,0,0,0,0,0,0,0,220770,103539,67703,89456,442,89014,91177,41828,38831,87364,0,89456,50638,31147,19491,3954,67680,50979,3954,89456,0,87364,0,0,0,0,0,0,0,0
ligra_Triangle.com-lj.ungraph.gcc_6.3.0_O3.drop_3500M.length_250M,tsetlin,1.37927,40000002,29000875,214691,554,214137,1435,0,1435,71568,71001,350678,207542,143136,71569,70134,1435,169497,169497,87628,2,0,87632,0,151.11938,98.83183,2.67535,124.31361,0,0,0,0,0,0,0,0,0,0,0,0,0,0,0,0,0,0,0,0,0,264278,93306,88036,89456,2842,86614,169497,85770,83727,89456,85230,6654,78576,567,88019,86494,567,89456,0,0,0,0,0,0,0,0,0,0,0,0,0,0,0,0,0,0,0,0,0,0,0,0,0,0,0,0,0,0,0
ligra_Triangle.com-lj.ungraph.gcc_6.3.0_O3.drop_3500M.length_250M,meta_selector,1.31025,40000002,30528569,214667,535,214132,10599,0,10599,71568,71001,392774,249643,143131,71569,60970,10599,222342,222342,77855,6,0,77877,0,158.28721,98.83183,2.67535,124.32107,53884,33078,2494,60.2352,36.97684,2.78796,0.98094,1.21822,0.88481,0.11765,0.1795,0.98996,89456,1,2494,35780,15694,35488,5154,11,0.09745,254561,93987,88049,89456,2842,86614,169632,85821,83811,89456,85107,7473,77634,573,87844,86362,573,89456,0,241656,97128,67456,89456,907,88549,185660,52323,133337,87780,0,89456,49373,25750,23623,4253,66039,49710,4253,89456,0,87780,0,89456,89454,89441,13,171916,86657,0
ligra_Triangle.com-lj.ungraph.gcc_6.3.0_O3.drop_3500M.length_250M,nopref_MTPS600,0.99149,40000002,40343430,214697,557,214140,71569,0,71569,71569,71002,214707,71569,143138,71569,0,71569,0,0,0,0,0,0,0,150.26247,98.83183,2.67535,124.37479,0,0,0,0,0,0,0,0,0,0,0,0,0,0,0,0,0,0,0,0,0,0,0,0,0,0,0,0,0,0,0,0,0,0,0,0,0,0,0,0,0,0,0,0,0,0,0,0,0,0,0,0,0,0,0,0,0,0,0,0,0,0,0,0,0,0,0,0,0,0
ligra_Triangle.com-lj.ungraph.gcc_6.3.0_O3.drop_3500M.length_250M,spp_MTPS600,1.36436,40000002,29317683,676864,462726,214138,19103,17501,1602,71568,71001,267167,124031,143136,71569,52463,19106,643819,643819,65549,0,3,65549,0,101.5092,98.83183,2.67535,124.328,0,0,0,0,0,0,0,0,0,0,0,0,0,0,0,0,0,0,0,0,0,0,0,0,0,0,0,0,0,0,0,0,0,0,0,0,0,0,0,0,0,0,0,0,0,0,0,0,0,0,0,0,0,0,0,0,0,0,0,0,0,0,0,0,0,0,0,0,0,0
ligra_Triangle.com-lj.ungraph.gcc_6.3.0_O3.drop_3500M.length_250M,bingo_MTPS600,1.37106,40000002,29174571,214703,550,214153,2237,0,2237,71568,71001,284051,140899,143152,71569,69331,2238,82739,82739,82716,0,1,82738,0,593.90246,98.83183,2.67535,124.31475,0,0,0,0,0,0,0,0,0,0,0,0,0,0,0,0,0,0,0,0,0,0,0,0,0,0,0,0,0,0,0,0,0,0,0,0,0,0,0,0,0,0,0,0,0,0,0,0,0,0,0,0,0,0,0,0,0,0,0,0,0,0,0,0,0,0,0,0,0,0
ligra_Triangle.com-lj.ungraph.gcc_6.3.0_O3.drop_3500M.length_250M,mlop_MTPS600,1.38098,40000002,28964911,214678,541,214137,1118,0,1118,71568,71001,285153,142017,143136,71569,70449,1120,87572,87572,87554,0,2,87569,0,217.79111,98.83183,2.67535,124.31353,0,0,0,0,0,0,0,0,0,0,0,0,0,0,0,0,0,0,0,0,0,0,0,0,0,0,0,0,0,0,0,0,0,0,0,0,0,0,0,0,0,0,0,0,0,0,0,0,0,0,0,0,0,0,0,0,0,0,0,0,0,0,0,0,0,0,0,0,0,0
ligra_Triangle.com-lj.ungraph.gcc_6.3.0_O3.drop_3500M.length_250M,pythia_MTPS600,1.3812,40000002,28960320,214688,551,214137,1127,0,1127,71568,71001,582116,438980,143136,71569,70442,1127,459917,459917,88043,1,0,88049,0,181.13458,98.83183,2.67535,124.31348,0,0,0,0,0,0,0,0,0,0,0,0,0,0,0,0,0,0,0,0,0,0,0,0,0,0,0,0,0,0,0,0,0,0,0,0,0,0,0,0,0,0,0,0,0,0,0,0,0,0,0,0,0,0,0,0,0,0,0,0,0,0,0,0,0,0,0,0,0,0
ligra_Triangle.com-lj.ungraph.gcc_6.3.0_O3.drop_3500M.length_250M,linucb_MTPS600,1.24125,40000002,32225646,214633,524,214109,22408,0,22408,71568,71001,287609,144501,143108,71569,49161,22408,93936,93936,59365,4,0,59373,0,165.68434,98.83183,2.67535,124.33349,0,0,0,0,0,0,0,0,0,0,0,0,0,0,0,0,0,0,0,0,0,0,0,0,0,0,0,0,0,0,0,0,0,0,0,0,0,0,0,0,222973,105958,70081,89456,442,89014,93936,42443,39167,87191,0,89456,52651,33931,18720,4329,70007,52976,4329,89456,0,87191,0,0,0,0,0,0,0,0
ligra_Triangle.com-lj.ungraph.gcc_6.3.0_O3.drop_3500M.length_250M,tsetlin_MTPS600,1.3788,40000002,29010808,214691,554,214137,1445,0,1445,71568,71001,350252,207116,143136,71569,70123,1446,169114,169114,87617,2,1,87621,0,160.30767,98.83183,2.67535,124.31351,0,0,0,0,0,0,0,0,0,0,0,0,0,0,0,0,0,0,0,0,0,264267,93659,88036,89456,2842,86614,169114,85384,83344,89456,85230,7007,78223,567,88019,86494,567,89456,0,0,0,0,0,0,0,0,0,0,0,0,0,0,0,0,0,0,0,0,0,0,0,0,0,0,0,0,0,0,0
ligra_Triangle.com-lj.ungraph.gcc_6.3.0_O3.drop_3500M.length_250M,meta_selector_MTPS600,1.32556,40000002,30175885,214661,535,214126,8744,0,8744,71568,71001,389882,246757,143125,71569,62822,8747,219593,219593,79707,6,3,79723,0,177.95674,98.83183,2.67535,124.31961,54035,32899,2522,60.404,36.77674,2.81926,1.01066,1.07884,0.88481,0.11765,0.18301,0.98996,89456,1,2522,37047,15351,34536,5005,9,0.09745,256407,94719,88049,89456,2842,86614,165649,81807,79828,89456,85107,8205,76902,573,87844,86362,573,89456,0,243101,96023,66534,89456,907,88549,177734,51000,126734,87549,0,89456,47593,25504,22089,4704,65179,47913,4704,89456,0,87549,0,89456,89454,89441,13,171916,86657,0
ligra_Triangle.com-lj.ungraph.gcc_6.3.0_O3.drop_3500M.length_250M,nopref_MTPS4800,0.99781,40000002,40087702,214697,557,214140,71569,0,71569,71569,71002,214707,71569,143138,71569,0,71569,0,0,0,0,0,0,0,148.19288,98.83183,2.67535,124.37479,0,0,0,0,0,0,0,0,0,0,0,0,0,0,0,0,0,0,0,0,0,0,0,0,0,0,0,0,0,0,0,0,0,0,0,0,0,0,0,0,0,0,0,0,0,0,0,0,0,0,0,0,0,0,0,0,0,0,0,0,0,0,0,0,0,0,0,0,0,0
ligra_Triangle.com-lj.ungraph.gcc_6.3.0_O3.drop_3500M.length_250M,spp_MTPS4800,1.36551,40000002,29293064,677568,463430,214138,19103,17501,1602,71568,71001,267170,124034,143136,71569,52466,19103,643819,643819,65552,0,0,65552,0,97.40928,98.83183,2.67535,124.32799,0,0,0,0,0,0,0,0,0,0,0,0,0,0,0,0,0,0,0,0,0,0,0,0,0,0,0,0,0,0,0,0,0,0,0,0,0,0,0,0,0,0,0,0,0,0,0,0,0,0,0,0,0,0,0,0,0,0,0,0,0,0,0,0,0,0,0,0,0,0
ligra_Triangle.com-lj.ungraph.gcc_6.3.0_O3.drop_3500M.length_250M,bingo_MTPS4800,1.37313,40000002,29130452,214703,550,214153,2237,0,2237,71568,71001,284052,140900,143152,71569,69332,2237,82739,82739,82717,0,0,82739,0,202.10297,98.83183,2.67535,124.31455,0,0,0,0,0,0,0,0,0,0,0,0,0,0,0,0,0,0,0,0,0,0,0,0,0,0,0,0,0,0,0,0,0,0,0,0,0,0,0,0,0,0,0,0,0,0,0,0,0,0,0,0,0,0,0,0,0,0,0,0,0,0,0,0,0,0,0,0,0,0
ligra_Triangle.com-lj.ungraph.gcc_6.3.0_O3.drop_3500M.length_250M,mlop_MTPS4800,1.3815,40000002,28953947,214678,541,214137,1118,0,1118,71568,71001,285155,142019,143136,71569,70451,1118,87572,87572,87556,0,0,87571,0,157.5726,98.83183,2.67535,124.31353,0,0,0,0,0,0,0,0,0,0,0,0,0,0,0,0,0,0,0,0,0,0,0,0,0,0,0,0,0,0,0,0,0,0,0,0,0,0,0,0,0,0,0,0,0,0,0,0,0,0,0,0,0,0,0,0,0,0,0,0,0,0,0,0,0,0,0,0,0,0
ligra_Triangle.com-lj.ungraph.gcc_6.3.0_O3.drop_3500M.length_250M,pythia_MTPS4800,1.3814,40000002,28956130,214688,551,214137,1127,0,1127,71568,71001,582396,439260,143136,71569,70442,1127,459917,459917,88043,1,0,88049,0,174.43627,98.83183,2.67535,124.31358,0,0,0,0,0,0,0,0,0,0,0,0,0,0,0,0,0,0,0,0,0,0,0,0,0,0,0,0,0,0,0,0,0,0,0,0,0,0,0,0,0,0,0,0,0,0,0,0,0,0,0,0,0,0,0,0,0,0,0,0,0,0,0,0,0,0,0,0,0,0
ligra_Triangle.com-lj.ungraph.gcc_6.3.0_O3.drop_3500M.length_250M,linucb_MTPS4800,1.22746,40000002,32587654,214635,524,214111,25827,0,25827,71568,71001,283090,139980,143110,71569,45742,25827,89415,89415,55946,4,0,55956,0,152.78676,98.83183,2.67535,124.33366,0,0,0,0,0,0,0,0,0,0,0,0,0,0,0,0,0,0,0,0,0,0,0,0,0,0,0,0,0,0,0,0,0,0,0,0,0,0,0,0,220314,103785,66132,89456,442,89014,89415,41096,37837,87364,0,89456,49870,30590,19280,3952,66051,50216,3952,89456,0,87364,0,0,0,0,0,0,0,0
ligra_Triangle.com-lj.ungraph.gcc_6.3.0_O3.drop_3500M.length_250M,tsetlin_MTPS4800,1.37927,40000002,29000747,214691,554,214137,1435,0,1435,71568,71001,350678,207542,143136,71569,70134,1435,169497,169497,87628,2,0,87632,0,150.82502,98.83183,2.67535,124.31361,0,0,0,0,0,0,0,0,0,0,0,0,0,0,0,0,0,0,0,0,0,264278,93306,88036,89456,2842,86614,169497,85770,83727,89456,85230,6654,78576,567,88019,86494,567,89456,0,0,0,0,0,0,0,0,0,0,0,0,0,0,0,0,0,0,0,0,0,0,0,0,0,0,0,0,0,0,0
ligra_Triangle.com-lj.ungraph.gcc_6.3.0_O3.drop_3500M.length_250M,meta_selector_MTPS4800,1.32798,40000002,30120873,214663,535,214128,9443,0,9443,71568,71001,394643,251516,143127,71569,62126,9443,224217,224217,79011,6,0,79029,0,156.54443,98.83183,2.67535,124.31997,54245,32753,2458,60.63875,36.61353,2.74772,0.9322,1.4456,0.88481,0.11765,0.17845,0.98996,89456,1,2458,36232,15505,35261,5104,11,0.09745,255713,94225,88049,89456,2842,86614,169632,85821,83811,89456,85107,7711,77396,573,87844,86362,573,89456,0,243152,96709,66732,89456,907,88549,185902,51943,133959,87780,0,89456,49024,24958,24066,4173,65372,49368,4173,89456,0,87780,0,89456,89454,89441,13,171916,86657,0
ligra_Triangle.com-lj.ungraph.gcc_6.3.0_O3.drop_3500M.length_250M,tsetlin_no_dyn_deg,1.36559,40000002,29291289,214697,556,214141,3386,0,3386,71569,71002,283298,140160,143138,71569,68183,3386,85574,85574,85031,1,0,85033,0,148.91508,98.83183,2.67535,124.31566,0,0,0,0,0,0,0,0,0,0,0,0,0,0,0,0,0,0,0,0,0,261518,171519,88001,89456,2842,86614,85574,0,0,89456,85031,85031,0,577,87984,86295,577,89456,134075,0,0,0,0,0,0,0,0,0,0,0,0,0,0,0,0,0,0,0,0,0,0,0,0,0,0,0,0,0,0
ligra_Triangle.com-lj.ungraph.gcc_6.3.0_O3.drop_3500M.length_250M,linucb_no_dyn_deg,1.31251,40000002,30475844,214692,551,214141,13735,0,13735,71568,71001,272612,129472,143140,71569,57834,13735,70609,70609,68696,1,0,68706,0,149.68171,98.83183,2.67535,124.32555,0,0,0,0,0,0,0,0,0,0,0,0,0,0,0,0,0,0,0,0,0,0,0,0,0,0,0,0,0,0,0,0,0,0,0,0,0,0,0,0,232230,140861,85997,89456,442,89014,70609,0,0,87048,0,89456,68696,68696,0,2176,85908,68697,2176,89456,113674,87048,0,0,0,0,0,0,0,0
ligra_Triangle.com-lj.ungraph.gcc_6.3.0_O3.drop_3500M.length_250M,tsetlin_no_featurewise,1.37187,40000002,29157253,214691,554,214137,2525,0,2525,71568,71001,348152,205016,143136,71569,69044,2525,167096,167096,86576,2,0,86580,0,149.93088,98.83183,2.67535,124.3157,0,0,0,0,0,0,0,0,0,0,0,0,0,0,0,0,0,0,0,0,0,263172,94367,86989,89456,2842,86614,167096,84669,82427,89456,84129,7769,76360,557,86976,85455,557,0,0,0,0,0,0,0,0,0,0,0,0,0,0,0,0,0,0,0,0,0,0,0,0,0,0,0,0,0,0,0,0
ligra_Triangle.com-lj.ungraph.gcc_6.3.0_O3.drop_3500M.length_250M,linucb_no_featurewise,1.28217,40000002,31197069,214668,541,214127,16888,0,16888,71568,71001,294053,150927,143126,71569,54681,16888,91795,91795,63973,1,0,63979,0,153.38855,98.83183,2.67535,124.32752,0,0,0,0,0,0,0,0,0,0,0,0,0,0,0,0,0,0,0,0,0,0,0,0,0,0,0,0,0,0,0,0,0,0,0,0,0,0,0,0,236935,123799,67251,89456,442,89014,91795,37855,30500,86461,0,89456,59552,42037,17515,1464,67227,60435,1464,0,0,86461,0,0,0,0,0,0,0,0
ligra_Triangle.com-lj.ungraph.gcc_6.3.0_O3.drop_3500M.length_250M,meta_selector_no_explore,1.31951,40000002,30314383,214664,534,214130,10474,0,10474,71568,71001,404858,261729,143129,71569,61095,10474,237949,237949,77767,2,0,77784,0,158.76309,98.83183,2.67535,124.31957,49034,37994,2428,54.81354,42.47228,2.71418,1.10641,0.79103,0.88481,0.11765,0.1778,0.98996,89456,2,2428,34731,0,52297,5181,11,0,254459,92677,88041,89456,2842,86614,169591,85804,83787,89456,85220,6041,79179,565,87959,86475,565,89456,0,241678,94844,68539,89456,907,88549,197151,53521,143630,87532,0,89456,49068,24859,24209,3845,65268,49423,3845,89456,0,87532,0,89456,89454,89441,13,171916,86657,0
ligra_Triangle.com-lj.ungraph.gcc_6.3.0_O3.drop_3500M.length_250M,linucb_no_suppress,1.32005,40000002,30301846,214689,552,214137,11152,0,11152,71568,71001,275826,132690,143136,71569,60417,11152,76389,76389,71619,2,0,71625,0,158.78021,98.83183,2.67535,124.3224,0,0,0,0,0,0,0,0,0,0,0,0,0,0,0,0,0,0,0,0,0,0,0,0,0,0,0,0,0,0,0,0,0,0,0,0,0,0,0,0,239905,147270,83972,89456,442,89014,76389,4854,3049,0,0,89456,71392,70389,1003,2130,83912,71393,2130,89456,116324,87043,0,0,0,0,0,0,0,0
parsec_2.1.canneal.simlarge.prebuilt.drop_1250M.length_250M,nopref,0.26434,40000000,151318256,504922,181044,323878,410347,155328,255019,20209,48650,662972,232091,430881,564313,153966,410347,0,0,0,0,0,0,0,151.72796,94.57345,8.91327,79.55151,0,0,0,0,0,0,0,0,0,0,0,0,0,0,0,0,0,0,0,0,0,0,0,0,0,0,0,0,0,0,0,0,0,0,0,0,0,0,0,0,0,0,0,0,0,0,0,0,0,0,0,0,0,0,0,0,0,0,0,0,0,0,0,0,0,0,0,0,0,0
parsec_2.1.canneal.simlarge.prebuilt.drop_1250M.length_250M,spp,0.26865,40000000,148890952,627046,250932,376114,403299,166652,236647,20198,40771,704059,272326,431733,564316,160606,403710,204625,204625,8012,1407,411,9430,0,145.71904,94.57345,8.91327,79.44184,0,0,0,0,0,0,0,0,0,0,0,0,0,0,0,0,0,0,0,0,0,0,0,0,0,0,0,0,0,0,0,0,0,0,0,0,0,0,0,0,0,0,0,0,0,0,0,0,0,0,0,0,0,0,0,0,0,0,0,0,0,0,0,0,0,0,0,0,0,0
parsec_2.1.canneal.simlarge.prebuilt.drop_1250M.length_250M,bingo,0.28184,40000000,141925997,2110810,665735,1445075,355293,162429,192864,20061,62792,872411,414221,458190,564314,204852,359462,2252252,2252252,60804,36019,4397,97065,0,141.7286,94.57345,8.91327,79.46335,0,0,0,0,0,0,0,0,0,0,0,0,0,0,0,0,0,0,0,0,0,0,0,0,0,0,0,0,0,0,0,0,0,0,0,0,0,0,0,0,0,0,0,0,0,0,0,0,0,0,0,0,0,0,0,0,0,0,0,0,0,0,0,0,0,0,0,0,0,0
parsec_2.1.canneal.simlarge.prebuilt.drop_1250M.length_250M,mlop,0.27155,40000000,147300146,757376,251776,505600,410357,189632,220725,20187,54476,663721,232830,430891,564313,153956,410357,339704,339704,0,0,0,0,0,136.47307,94.57345,8.91327,79.62745,0,0,0,0,0,0,0,0,0,0,0,0,0,0,0,0,0,0,0,0,0,0,0,0,0,0,0,0,0,0,0,0,0,0,0,0,0,0,0,0,0,0,0,0,0,0,0,0,0,0,0,0,0,0,0,0,0,0,0,0,0,0,0,0,0,0,0,0,0,0
parsec_2.1.canneal.simlarge.prebuilt.drop_1250M.length_250M,pythia,0.28688,40000000,139433028,636403,226489,409914,283844,106367,177477,20138,47756,1049701,487434,562267,564314,272305,292009,506109,506109,162903,146385,8514,310168,0,152.00621,94.57345,8.91327,79.26466,0,0,0,0,0,0,0,0,0,0,0,0,0,0,0,0,0,0,0,0,0,0,0,0,0,0,0,0,0,0,0,0,0,0,0,0,0,0,0,0,0,0,0,0,0,0,0,0,0,0,0,0,0,0,0,0,0,0,0,0,0,0,0,0,0,0,0,0,0,0
parsec_2.1.canneal.simlarge.prebuilt.drop_1250M.length_250M,linucb,0.27923,40000000,143250238,762895,277272,485623,315126,116213,198913,20189,47336,1153476,464656,688820,564310,237760,326550,643672,643672,135037,292292,11731,428721,0,151.17505,94.57345,8.91327,79.5032,0,0,0,0,0,0,0,0,0,0,0,0,0,0,0,0,0,0,0,0,0,0,0,0,0,0,0,0,0,0,0,0,0,0,0,0,0,0,0,0,1794018,656239,682914,704013,3530,700483,643672,3805,3487,676096,0,704013,209306,129434,79872,417221,682545,211983,417221,704013,0,676096,0,0,0,0,0,0,0,0
parsec_2.1.canneal.simlarge.prebuilt.drop_1250M.length_250M,tsetlin,0.26332,40000000,151905092,1230494,439540,790954,424526,167075,257451,20030,47850,1560311,403361,1156950,564286,138121,426165,1138841,1138841,42065,836474,1656,880825,0,158.59246,94.57345,8.91327,79.50096,0,0,0,0,0,0,0,0,0,0,0,0,0,0,0,0,0,0,0,0,0,2224525,513975,683678,703990,9043,694947,1138841,596309,542495,703990,37442,21160,16282,587751,683182,41049,587751,703990,0,0,0,0,0,0,0,0,0,0,0,0,0,0,0,0,0,0,0,0,0,0,0,0,0,0,0,0,0,0,0
parsec_2.1.canneal.simlarge.prebuilt.drop_1250M.length_250M,meta_selector,0.27544,40000000,145221070,1183246,428011,755235,340757,128882,211875,20107,47231,1694214,584639,1109575,564296,213168,351128,1344863,1344863,132374,790511,10739,925096,0,156.28187,94.57345,8.91327,79.49616,248073,437160,18767,35.23764,62.09659,2.66577,0.66978,0.66589,0,0,0.03009,0,704000,18751,18767,141524,42550,501159,54356,177,0.05,2268202,263799,683743,704000,9042,694958,1137135,595755,541330,704000,36461,10044,26417,588907,683048,39502,588907,704000,0,2282995,481690,683238,704000,6895,697105,1266352,633107,633215,666800,0,704000,202828,87241,115587,411924,681363,205927,411924,704000,0,666800,0,704000,703625,366792,320566,2149,1139,0
parsec_2.1.canneal.simlarge.prebuilt.drop_1250M.length_250M,nopref_MTPS600,0.26276,40000000,152227669,504922,181044,323878,410347,155328,255019,20209,48650,662971,232090,430881,564312,153965,410347,0,0,0,0,0,0,0,154.33615,94.57345,8.91327,79.55072,0,0,0,0,0,0,0,0,0,0,0,0,0,0,0,0,0,0,0,0,0,0,0,0,0,0,0,0,0,0,0,0,0,0,0,0,0,0,0,0,0,0,0,0,0,0,0,0,0,0,0,0,0,0,0,0,0,0,0,0,0,0,0,0,0,0,0,0,0,0
parsec_2.1.canneal.simlarge.prebuilt.drop_1250M.length_250M,spp_MTPS600,0.26635,40000000,150177895,621409,246010,375399,403464,163788,239676,20198,40951,695228,263614,431614,564314,157028,407286,199431,199431,4418,1308,3822,5734,0,148.25467,94.57345,8.91327,79.47228,0,0,0,0,0,0,0,0,0,0,0,0,0,0,0,0,0,0,0,0,0,0,0,0,0,0,0,0,0,0,0,0,0,0,0,0,0,0,0,0,0,0,0,0,0,0,0,0,0,0,0,0,0,0,0,0,0,0,0,0,0,0,0,0,0,0,0,0,0,0
parsec_2.1.canneal.simlarge.prebuilt.drop_1250M.length_250M,bingo_MTPS600,0.23624,40000000,169320466,2090825,656717,1434108,355398,144020,211378,20063,63153,854086,395884,458202,564313,187014,377299,2251774,2251774,43008,35984,22129,79240,0,223.29654,94.57345,8.91327,79.52291,0,0,0,0,0,0,0,0,0,0,0,0,0,0,0,0,0,0,0,0,0,0,0,0,0,0,0,0,0,0,0,0,0,0,0,0,0,0,0,0,0,0,0,0,0,0,0,0,0,0,0,0,0,0,0,0,0,0,0,0,0,0,0,0,0,0,0,0,0,0
parsec_2.1.canneal.simlarge.prebuilt.drop_1250M.length_250M,mlop_MTPS600,0.26926,40000000,148557004,752989,248097,504892,410357,185518,224839,20189,54439,663720,232829,430891,564312,153955,410357,339704,339704,0,0,0,0,0,140.58805,94.57345,8.91327,79.63168,0,0,0,0,0,0,0,0,0,0,0,0,0,0,0,0,0,0,0,0,0,0,0,0,0,0,0,0,0,0,0,0,0,0,0,0,0,0,0,0,0,0,0,0,0,0,0,0,0,0,0,0,0,0,0,0,0,0,0,0,0,0,0,0,0,0,0,0,0,0
parsec_2.1.canneal.simlarge.prebuilt.drop_1250M.length_250M,pythia_MTPS600,0.28345,40000000,141118691,632580,223700,408880,285176,106436,178740,20133,47716,987951,429509,558442,564311,226854,337457,488537,488537,117013,143072,52630,260912,0,149.06135,94.57345,8.91327,79.33586,0,0,0,0,0,0,0,0,0,0,0,0,0,0,0,0,0,0,0,0,0,0,0,0,0,0,0,0,0,0,0,0,0,0,0,0,0,0,0,0,0,0,0,0,0,0,0,0,0,0,0,0,0,0,0,0,0,0,0,0,0,0,0,0,0,0,0,0,0,0
parsec_2.1.canneal.simlarge.prebuilt.drop_1250M.length_250M,linucb_MTPS600,0.2755,40000000,145190297,760468,275505,484963,318161,117673,200488,20187,47354,1121643,435256,686387,564309,209061,355248,638842,638842,106087,290115,37394,397600,0,156.65457,94.57345,8.91327,79.5061,0,0,0,0,0,0,0,0,0,0,0,0,0,0,0,0,0,0,0,0,0,0,0,0,0,0,0,0,0,0,0,0,0,0,0,0,0,0,0,0,1756716,618711,683343,704012,3531,700481,638842,5125,4407,671246,0,704012,204221,100496,103725,413851,682973,207320,413851,704012,0,671246,0,0,0,0,0,0,0,0
parsec_2.1.canneal.simlarge.prebuilt.drop_1250M.length_250M,tsetlin_MTPS600,0.25925,40000000,154292117,1127562,425496,702066,420856,164438,256418,20051,46671,1433560,379747,1053813,564290,134085,430205,1025516,1025516,33116,738577,9365,773909,0,174.78815,94.57345,8.91327,79.52794,0,0,0,0,0,0,0,0,0,0,0,0,0,0,0,0,0,0,0,0,0,2117885,508405,683772,703994,9043,694951,1025516,474014,428821,703994,37427,13187,24240,588439,683265,40840,588439,703994,0,0,0,0,0,0,0,0,0,0,0,0,0,0,0,0,0,0,0,0,0,0,0,0,0,0,0,0,0,0,0
parsec_2.1.canneal.simlarge.prebuilt.drop_1250M.length_250M,meta_selector_MTPS600,0.26906,40000000,148665957,1079811,419047,660764,351389,133193,218196,20108,45441,1525121,519111,1006010,564297,181167,383130,1205383,1205383,95181,692407,32110,789753,0,166.73613,94.57345,8.91327,79.51057,260344,422279,21378,36.98063,59.98273,3.03664,0.78175,0.73941,0,0,0.01831,0,704001,21366,21378,143941,42304,496378,53856,164,0.05,2134485,272879,683958,704001,9042,694959,1022905,468703,425406,704001,37661,9176,28485,589027,683247,40953,589027,704001,0,2137361,454443,684200,704001,6852,697149,1118863,494238,495057,659335,0,704001,184884,61952,122932,416037,682310,189153,416037,704001,0,659335,0,704001,703627,366828,320534,2147,1138,0
parsec_2.1.canneal.simlarge.prebuilt.drop_1250M.length_250M,nopref_MTPS4800,0.26444,40000000,151264166,504950,181050,323900,410347,155322,255025,20209,48666,663000,232119,430881,564313,153966,410347,0,0,0,0,0,0,0,151.54419,94.57345,8.91327,79.55611,0,0,0,0,0,0,0,0,0,0,0,0,0,0,0,0,0,0,0,0,0,0,0,0,0,0,0,0,0,0,0,0,0,0,0,0,0,0,0,0,0,0,0,0,0,0,0,0,0,0,0,0,0,0,0,0,0,0,0,0,0,0,0,0,0,0,0,0,0,0
parsec_2.1.canneal.simlarge.prebuilt.drop_1250M.length_250M,spp_MTPS4800,0.26881,40000000,148804240,627567,251028,376539,403367,166590,236777,20195,40776,704062,272368,431694,564316,160542,403774,205163,205163,7936,1377,407,9327,0,145.36198,94.57345,8.91327,79.4463,0,0,0,0,0,0,0,0,0,0,0,0,0,0,0,0,0,0,0,0,0,0,0,0,0,0,0,0,0,0,0,0,0,0,0,0,0,0,0,0,0,0,0,0,0,0,0,0,0,0,0,0,0,0,0,0,0,0,0,0,0,0,0,0,0,0,0,0,0,0
parsec_2.1.canneal.simlarge.prebuilt.drop_1250M.length_250M,bingo_MTPS4800,0.28384,40000000,140922046,2113618,667972,1445646,355292,166013,189279,20063,62626,872544,414342,458202,564314,205086,359228,2251103,2251103,61045,36027,4164,97311,0,137.5857,94.57345,8.91327,79.45765,0,0,0,0,0,0,0,0,0,0,0,0,0,0,0,0,0,0,0,0,0,0,0,0,0,0,0,0,0,0,0,0,0,0,0,0,0,0,0,0,0,0,0,0,0,0,0,0,0,0,0,0,0,0,0,0,0,0,0,0,0,0,0,0,0,0,0,0,0,0
parsec_2.1.canneal.simlarge.prebuilt.drop_1250M.length_250M,mlop_MTPS4800,0.2719,40000000,147113949,757308,251726,505582,410357,189593,220764,20187,54477,663722,232831,430891,564313,153956,410357,339704,339704,0,0,0,0,0,135.86208,94.57345,8.91327,79.63122,0,0,0,0,0,0,0,0,0,0,0,0,0,0,0,0,0,0,0,0,0,0,0,0,0,0,0,0,0,0,0,0,0,0,0,0,0,0,0,0,0,0,0,0,0,0,0,0,0,0,0,0,0,0,0,0,0,0,0,0,0,0,0,0,0,0,0,0,0,0
parsec_2.1.canneal.simlarge.prebuilt.drop_1250M.length_250M,pythia_MTPS4800,0.28692,40000000,139412956,636916,226110,410806,283757,105955,177802,20139,47787,1050813,488042,562771,564313,272456,291857,507134,507134,163016,146940,8449,310834,0,151.01643,94.57345,8.91327,79.26325,0,0,0,0,0,0,0,0,0,0,0,0,0,0,0,0,0,0,0,0,0,0,0,0,0,0,0,0,0,0,0,0,0,0,0,0,0,0,0,0,0,0,0,0,0,0,0,0,0,0,0,0,0,0,0,0,0,0,0,0,0,0,0,0,0,0,0,0,0,0
parsec_2.1.canneal.simlarge.prebuilt.drop_1250M.length_250M,linucb_MTPS4800,0.27957,40000000,143074419,763329,277313,486016,315304,116417,198887,20188,47307,1154049,464793,689256,564310,237607,326703,644117,644117,134931,292697,11706,429010,0,149.93061,94.57345,8.91327,79.5082,0,0,0,0,0,0,0,0,0,0,0,0,0,0,0,0,0,0,0,0,0,0,0,0,0,0,0,0,0,0,0,0,0,0,0,0,0,0,0,0,1794972,656569,682984,704013,3531,700482,644117,3446,3197,676716,0,704013,209143,129304,79839,418448,682616,211818,418448,704013,0,676716,0,0,0,0,0,0,0,0
parsec_2.1.canneal.simlarge.prebuilt.drop_1250M.length_250M,tsetlin_MTPS4800,0.26369,40000000,151696016,1231291,439470,791821,424703,167328,257375,20025,47952,1561355,403633,1157722,564286,137997,426289,1139645,1139645,41985,837148,1605,881463,0,154.64856,94.57345,8.91327,79.49501,0,0,0,0,0,0,0,0,0,0,0,0,0,0,0,0,0,0,0,0,0,2225290,513789,683591,703990,9043,694947,1139645,596304,543341,703990,37302,21101,16201,587797,683093,40871,587797,703990,0,0,0,0,0,0,0,0,0,0,0,0,0,0,0,0,0,0,0,0,0,0,0,0,0,0,0,0,0,0,0
parsec_2.1.canneal.simlarge.prebuilt.drop_1250M.length_250M,meta_selector_MTPS4800,0.27607,40000000,144888266,1180651,428394,752257,340382,129137,211245,20122,46773,1696645,589678,1106967,564301,214434,349867,1345771,1345771,133620,787776,9854,923753,0,151.77095,94.57345,8.91327,79.5009,246453,438953,18599,35.00728,62.35083,2.64188,0.68512,0.69181,0,0,0.03009,0,704005,18582,18599,139171,42669,503566,54619,174,0.05,2268825,262600,683622,704005,9042,694963,1142323,597577,544746,704005,36889,9992,26897,590057,682926,39985,590057,704005,0,2282422,481646,683405,704005,6889,697116,1265878,634064,631814,667572,0,704005,203123,88130,114993,412873,681530,206122,412873,704005,0,667572,0,704005,703631,366813,320551,2147,1138,0
parsec_2.1.canneal.simlarge.prebuilt.drop_1250M.length_250M,tsetlin_no_dyn_deg,0.26447,40000000,151243573,889776,313617,576159,414882,161656,253226,20151,48816,1136405,320647,815758,564299,147807,416492,594380,594380,31886,435041,1628,468625,0,154.74621,94.57345,8.91327,79.47488,0,0,0,0,0,0,0,0,0,0,0,0,0,0,0,0,0,0,0,0,0,1809869,522528,684164,704001,9044,694957,594380,0,0,704001,37216,22186,15030,584377,683663,41004,584377,704001,626716,0,0,0,0,0,0,0,0,0,0,0,0,0,0,0,0,0,0,0,0,0,0,0,0,0,0,0,0,0,0
parsec_2.1.canneal.simlarge.prebuilt.drop_1250M.length_250M,linucb_no_dyn_deg,0.27974,40000000,142988668,758553,274713,483840,309785,114024,195761,20188,47402,1159414,474925,684489,564310,242881,321429,655919,655919,140881,286774,11978,429018,0,151.29338,94.57345,8.91327,79.43538,0,0,0,0,0,0,0,0,0,0,0,0,0,0,0,0,0,0,0,0,0,0,0,0,0,0,0,0,0,0,0,0,0,0,0,0,0,0,0,0,1814240,671085,678725,704014,3519,700495,655919,0,0,693240,0,704014,216778,135476,81302,435153,678359,218543,435153,704014,662704,693240,0,0,0,0,0,0,0,0
parsec_2.1.canneal.simlarge.prebuilt.drop_1250M.length_250M,tsetlin_no_featurewise,0.26377,40000000,151645590,1090930,384822,706108,420984,165440,255544,19966,48284,1339049,321887,1017162,564298,141277,423021,855256,855256,37559,675963,2081,715650,0,157.36876,94.57345,8.91327,79.53787,0,0,0,0,0,0,0,0,0,0,0,0,0,0,0,0,0,0,0,0,0,1935947,445633,680310,704001,9042,694959,855256,478571,376677,704001,30875,18039,12836,471119,679818,36476,471119,0,0,0,0,0,0,0,0,0,0,0,0,0,0,0,0,0,0,0,0,0,0,0,0,0,0,0,0,0,0,0,0
parsec_2.1.canneal.simlarge.prebuilt.drop_1250M.length_250M,linucb_no_featurewise,0.28102,40000000,142340349,704988,254801,450187,306570,112456,194114,20193,47642,1117262,486399,630863,564310,249040,315270,598917,598917,142919,226182,8946,370267,0,151.17734,94.57345,8.91327,79.26158,0,0,0,0,0,0,0,0,0,0,0,0,0,0,0,0,0,0,0,0,0,0,0,0,0,0,0,0,0,0,0,0,0,0,0,0,0,0,0,0,1704113,616719,672797,704012,3528,700484,598917,321,298,678498,0,704012,215507,135946,79561,377138,672438,219825,377138,0,0,678498,0,0,0,0,0,0,0,0
parsec_2.1.canneal.simlarge.prebuilt.drop_1250M.length_250M,meta_selector_no_explore,0.27542,40000000,145230130,1180464,426670,753794,341184,129185,211999,20111,47400,1695423,588693,1106730,564301,213258,351043,1344784,1344784,132265,785467,10245,920022,0,156.39583,94.57345,8.91327,79.49085,248939,436092,18974,35.3604,61.94445,2.69515,0.68762,0.71584,0,0.0002,0.0301,0,704005,18957,18974,139027,0,546004,54575,189,0,2264404,263951,683897,704005,9042,694963,1140964,597104,543804,704005,37096,10491,26605,589724,683293,40336,589724,704005,0,2278540,478374,683367,704005,6944,697061,1269198,633853,635323,667554,0,704005,202459,87066,115393,412198,679901,205433,412198,704005,0,667554,0,704005,703630,366833,320535,2147,1138,0
parsec_2.1.canneal.simlarge.prebuilt.drop_1250M.length_250M,linucb_no_suppress,0.27979,40000000,142962170,760417,275009,485408,310175,114316,195859,20189,47480,1160269,473912,686357,564309,242690,321619,655942,655942,140579,289162,11779,431116,0,151.44329,94.57345,8.91327,79.44064,0,0,0,0,0,0,0,0,0,0,0,0,0,0,0,0,0,0,0,0,0,0,0,0,0,0,0,0,0,0,0,0,0,0,0,0,0,0,0,0,1815206,671234,678934,704013,3521,700492,655942,1523,944,0,0,704013,215882,134990,80892,434511,678569,217635,434511,704013,661151,692110,0,0,0,0,0,0,0,0
parsec_2.1.streamcluster.simlarge.prebuilt.drop_0M.length_250M,nopref,0.40959,40000002,97657993,83736,24513,59223,41868,0,41868,0,17355,83736,41868,41868,41868,0,41868,0,0,0,0,0,0,0,167.62396,99.76357,0.13085,255.03955,0,0,0,0,0,0,0,0,0,0,0,0,0,0,0,0,0,0,0,0,0,0,0,0,0,0,0,0,0,0,0,0,0,0,0,0,0,0,0,0,0,0,0,0,0,0,0,0,0,0,0,0,0,0,0,0,0,0,0,0,0,0,0,0,0,0,0,0,0,0
parsec_2.1.streamcluster.simlarge.prebuilt.drop_0M.length_250M,spp,0.41202,40000002,97082353,354008,312086,41922,11196,10227,969,0,54,114409,72540,41869,41868,30672,11196,386915,386915,39071,7,8,39079,0,35.43225,99.76357,0.13085,255.03955,0,0,0,0,0,0,0,0,0,0,0,0,0,0,0,0,0,0,0,0,0,0,0,0,0,0,0,0,0,0,0,0,0,0,0,0,0,0,0,0,0,0,0,0,0,0,0,0,0,0,0,0,0,0,0,0,0,0,0,0,0,0,0,0,0,0,0,0,0,0
parsec_2.1.streamcluster.simlarge.prebuilt.drop_0M.length_250M,bingo,0.41205,40000002,97075589,83712,29558,54154,1308,0,1308,0,12298,124284,82428,41856,41868,40560,1308,46389,46389,46375,9,0,46388,0,339.6886,99.76357,0.13085,255.03955,0,0,0,0,0,0,0,0,0,0,0,0,0,0,0,0,0,0,0,0,0,0,0,0,0,0,0,0,0,0,0,0,0,0,0,0,0,0,0,0,0,0,0,0,0,0,0,0,0,0,0,0,0,0,0,0,0,0,0,0,0,0,0,0,0,0,0,0,0,0
parsec_2.1.streamcluster.simlarge.prebuilt.drop_0M.length_250M,mlop,0.41211,40000002,97061367,83736,8327,75409,654,0,654,0,33541,124950,83082,41868,41868,41214,654,59775,59775,52141,798,4,52955,0,193.91545,99.76357,0.13085,255.03955,0,0,0,0,0,0,0,0,0,0,0,0,0,0,0,0,0,0,0,0,0,0,0,0,0,0,0,0,0,0,0,0,0,0,0,0,0,0,0,0,0,0,0,0,0,0,0,0,0,0,0,0,0,0,0,0,0,0,0,0,0,0,0,0,0,0,0,0,0,0
parsec_2.1.streamcluster.simlarge.prebuilt.drop_0M.length_250M,pythia,0.41211,40000002,97061665,83736,24525,59211,656,0,656,0,17343,299107,257239,41868,41868,41212,656,287934,287934,54174,1406,34,55586,0,169.40413,99.76357,0.13085,255.03955,0,0,0,0,0,0,0,0,0,0,0,0,0,0,0,0,0,0,0,0,0,0,0,0,0,0,0,0,0,0,0,0,0,0,0,0,0,0,0,0,0,0,0,0,0,0,0,0,0,0,0,0,0,0,0,0,0,0,0,0,0,0,0,0,0,0,0,0,0,0
parsec_2.1.streamcluster.simlarge.prebuilt.drop_0M.length_250M,linucb,0.41153,40000002,97198269,83754,24632,59122,9811,0,9811,0,17245,131973,90096,41877,41868,32057,9811,64628,64628,40701,724,4,41438,0,171.50314,99.76357,0.13085,255.03955,0,0,0,0,0,0,0,0,0,0,0,0,0,0,0,0,0,0,0,0,0,0,0,0,0,0,0,0,0,0,0,0,0,0,0,0,0,0,0,0,145856,67539,46206,57008,291,56717,64628,30158,28020,54315,0,57008,35349,21001,14348,2333,46126,35598,2333,57008,0,54315,0,0,0,0,0,0,0,0
parsec_2.1.streamcluster.simlarge.prebuilt.drop_0M.length_250M,tsetlin,0.41211,40000002,97060342,83736,24561,59175,1161,0,1161,0,17307,160599,118731,41868,41868,40707,1161,103189,103189,52934,1344,51,54280,0,169.26722,99.76357,0.13085,255.03955,0,0,0,0,0,0,0,0,0,0,0,0,0,0,0,0,0,0,0,0,0,166597,61481,54275,57009,2166,54843,103189,52322,50867,57009,50641,7387,43254,1993,54255,51418,1993,57009,0,0,0,0,0,0,0,0,0,0,0,0,0,0,0,0,0,0,0,0,0,0,0,0,0,0,0,0,0,0,0
parsec_2.1.streamcluster.simlarge.prebuilt.drop_0M.length_250M,meta_selector,0.41207,40000002,97070779,83734,24532,59202,1195,0,1195,0,17335,163585,121718,41867,41868,40673,1195,108119,108119,52892,1371,56,54266,0,169.43366,99.76357,0.13085,255.03955,52113,490,4405,91.41348,0.85953,7.72699,0.58118,0.35855,0.21038,0.11765,0.94061,0.216,57008,2368,4405,51230,606,767,134,0,0.24346,166539,60715,54445,57008,2136,54872,103468,52477,50991,57008,50770,6767,44003,1851,54258,51540,1851,57008,0,112791,434,56990,57008,591,56417,5412,1499,3913,1657,0,57008,184,146,38,0,184,184,0,57008,0,1657,0,57008,55298,54739,520,47489,24446,0
parsec_2.1.streamcluster.simlarge.prebuilt.drop_0M.length_250M,nopref_MTPS600,0.40959,40000002,97657993,83736,24513,59223,41868,0,41868,0,17355,83736,41868,41868,41868,0,41868,0,0,0,0,0,0,0,167.62396,99.76357,0.13085,255.03955,0,0,0,0,0,0,0,0,0,0,0,0,0,0,0,0,0,0,0,0,0,0,0,0,0,0,0,0,0,0,0,0,0,0,0,0,0,0,0,0,0,0,0,0,0,0,0,0,0,0,0,0,0,0,0,0,0,0,0,0,0,0,0,0,0,0,0,0,0,0
parsec_2.1.streamcluster.simlarge.prebuilt.drop_0M.length_250M,spp_MTPS600,0.41202,40000002,97083379,354008,312086,41922,11196,10227,969,0,54,114409,72540,41869,41868,30672,11196,386915,386915,39071,7,8,39079,0,35.99534,99.76357,0.13085,255.03955,0,0,0,0,0,0,0,0,0,0,0,0,0,0,0,0,0,0,0,0,0,0,0,0,0,0,0,0,0,0,0,0,0,0,0,0,0,0,0,0,0,0,0,0,0,0,0,0,0,0,0,0,0,0,0,0,0,0,0,0,0,0,0,0,0,0,0,0,0,0
parsec_2.1.streamcluster.simlarge.prebuilt.drop_0M.length_250M,bingo_MTPS600,0.41195,40000002,97099842,83712,29558,54154,1308,0,1308,0,12298,124284,82428,41856,41868,40560,1308,46389,46389,46375,9,0,46388,0,920.35063,99.76357,0.13085,255.03955,0,0,0,0,0,0,0,0,0,0,0,0,0,0,0,0,0,0,0,0,0,0,0,0,0,0,0,0,0,0,0,0,0,0,0,0,0,0,0,0,0,0,0,0,0,0,0,0,0,0,0,0,0,0,0,0,0,0,0,0,0,0,0,0,0,0,0,0,0,0
parsec_2.1.streamcluster.simlarge.prebuilt.drop_0M.length_250M,mlop_MTPS600,0.41211,40000002,97062540,83736,8327,75409,654,0,654,0,33541,124950,83082,41868,41868,41214,654,59775,59775,52141,798,4,52955,0,278.51037,99.76357,0.13085,255.03955,0,0,0,0,0,0,0,0,0,0,0,0,0,0,0,0,0,0,0,0,0,0,0,0,0,0,0,0,0,0,0,0,0,0,0,0,0,0,0,0,0,0,0,0,0,0,0,0,0,0,0,0,0,0,0,0,0,0,0,0,0,0,0,0,0,0,0,0,0,0
parsec_2.1.streamcluster.simlarge.prebuilt.drop_0M.length_250M,pythia_MTPS600,0.41211,40000002,97061665,83736,24525,59211,656,0,656,0,17343,299107,257239,41868,41868,41212,656,287934,287934,54174,1406,34,55586,0,174.1113,99.76357,0.13085,255.03955,0,0,0,0,0,0,0,0,0,0,0,0,0,0,0,0,0,0,0,0,0,0,0,0,0,0,0,0,0,0,0,0,0,0,0,0,0,0,0,0,0,0,0,0,0,0,0,0,0,0,0,0,0,0,0,0,0,0,0,0,0,0,0,0,0,0,0,0,0,0
parsec_2.1.streamcluster.simlarge.prebuilt.drop_0M.length_250M,linucb_MTPS600,0.41153,40000002,97198269,83754,24632,59122,9811,0,9811,0,17245,131973,90096,41877,41868,32057,9811,64628,64628,40701,724,4,41438,0,190.82883,99.76357,0.13085,255.03955,0,0,0,0,0,0,0,0,0,0,0,0,0,0,0,0,0,0,0,0,0,0,0,0,0,0,0,0,0,0,0,0,0,0,0,0,0,0,0,0,145856,67539,46206,57008,291,56717,64628,30158,28020,54315,0,57008,35349,21001,14348,2333,46126,35598,2333,57008,0,54315,0,0,0,0,0,0,0,0
parsec_2.1.streamcluster.simlarge.prebuilt.drop_0M.length_250M,tsetlin_MTPS600,0.41211,40000002,97060342,83736,24561,59175,1161,0,1161,0,17307,160599,118731,41868,41868,40707,1161,103189,103189,52934,1344,51,54280,0,174.74174,99.76357,0.13085,255.03955,0,0,0,0,0,0,0,0,0,0,0,0,0,0,0,0,0,0,0,0,0,166597,61481,54275,57009,2166,54843,103189,52322,50867,57009,50641,7387,43254,1993,54255,51418,1993,57009,0,0,0,0,0,0,0,0,0,0,0,0,0,0,0,0,0,0,0,0,0,0,0,0,0,0,0,0,0,0,0
parsec_2.1.streamcluster.simlarge.prebuilt.drop_0M.length_250M,meta_selector_MTPS600,0.41207,40000002,97070779,83734,24532,59202,1195,0,1195,0,17335,163585,121718,41867,41868,40673,1195,108119,108119,52892,1371,56,54266,0,175.13662,99.76357,0.13085,255.03955,52113,490,4405,91.41348,0.85953,7.72699,0.58118,0.35855,0.21038,0.11765,0.94061,0.216,57008,2368,4405,51230,606,767,134,0,0.24346,166539,60715,54445,57008,2136,54872,103468,52477,50991,57008,50770,6767,44003,1851,54258,51540,1851,57008,0,112791,434,56990,57008,591,56417,5412,1499,3913,1657,0,57008,184,146,38,0,184,184,0,57008,0,1657,0,57008,55298,54739,520,47489,24446,0
parsec_2.1.streamcluster.simlarge.prebuilt.drop_0M.length_250M,nopref_MTPS4800,0.40959,40000002,97657993,83736,24513,59223,41868,0,41868,0,17355,83736,41868,41868,41868,0,41868,0,0,0,0,0,0,0,167.62396,99.76357,0.13085,255.03955,0,0,0,0,0,0,0,0,0,0,0,0,0,0,0,0,0,0,0,0,0,0,0,0,0,0,0,0,0,0,0,0,0,0,0,0,0,0,0,0,0,0,0,0,0,0,0,0,0,0,0,0,0,0,0,0,0,0,0,0,0,0,0,0,0,0,0,0,0,0
parsec_2.1.streamcluster.simlarge.prebuilt.drop_0M.length_250M,spp_MTPS4800,0.41202,40000002,97082380,354008,312086,41922,11196,10227,969,0,54,114409,72540,41869,41868,30672,11196,386915,386915,39071,7,8,39079,0,35.39827,99.76357,0.13085,255.03955,0,0,0,0,0,0,0,0,0,0,0,0,0,0,0,0,0,0,0,0,0,0,0,0,0,0,0,0,0,0,0,0,0,0,0,0,0,0,0,0,0,0,0,0,0,0,0,0,0,0,0,0,0,0,0,0,0,0,0,0,0,0,0,0,0,0,0,0,0,0
parsec_2.1.streamcluster.simlarge.prebuilt.drop_0M.length_250M,bingo_MTPS4800,0.41205,40000002,97076691,83712,29558,54154,1308,0,1308,0,12298,124284,82428,41856,41868,40560,1308,46389,46389,46375,9,0,46388,0,248.02678,99.76357,0.13085,255.03955,0,0,0,0,0,0,0,0,0,0,0,0,0,0,0,0,0,0,0,0,0,0,0,0,0,0,0,0,0,0,0,0,0,0,0,0,0,0,0,0,0,0,0,0,0,0,0,0,0,0,0,0,0,0,0,0,0,0,0,0,0,0,0,0,0,0,0,0,0,0
parsec_2.1.streamcluster.simlarge.prebuilt.drop_0M.length_250M,mlop_MTPS4800,0.41211,40000002,97061487,83736,8327,75409,654,0,654,0,33541,124950,83082,41868,41868,41214,654,59775,59775,52141,798,4,52955,0,180.8618,99.76357,0.13085,255.03955,0,0,0,0,0,0,0,0,0,0,0,0,0,0,0,0,0,0,0,0,0,0,0,0,0,0,0,0,0,0,0,0,0,0,0,0,0,0,0,0,0,0,0,0,0,0,0,0,0,0,0,0,0,0,0,0,0,0,0,0,0,0,0,0,0,0,0,0,0,0
parsec_2.1.streamcluster.simlarge.prebuilt.drop_0M.length_250M,pythia_MTPS4800,0.41211,40000002,97061665,83736,24525,59211,656,0,656,0,17343,299107,257239,41868,41868,41212,656,287934,287934,54174,1406,34,55586,0,168.63961,99.76357,0.13085,255.03955,0,0,0,0,0,0,0,0,0,0,0,0,0,0,0,0,0,0,0,0,0,0,0,0,0,0,0,0,0,0,0,0,0,0,0,0,0,0,0,0,0,0,0,0,0,0,0,0,0,0,0,0,0,0,0,0,0,0,0,0,0,0,0,0,0,0,0,0,0,0
parsec_2.1.streamcluster.simlarge.prebuilt.drop_0M.length_250M,linucb_MTPS4800,0.41153,40000002,97198269,83754,24632,59122,9811,0,9811,0,17245,131973,90096,41877,41868,32057,9811,64628,64628,40701,724,4,41438,0,169.21155,99.76357,0.13085,255.03955,0,0,0,0,0,0,0,0,0,0,0,0,0,0,0,0,0,0,0,0,0,0,0,0,0,0,0,0,0,0,0,0,0,0,0,0,0,0,0,0,145856,67539,46206,57008,291,56717,64628,30158,28020,54315,0,57008,35349,21001,14348,2333,46126,35598,2333,57008,0,54315,0,0,0,0,0,0,0,0
parsec_2.1.streamcluster.simlarge.prebuilt.drop_0M.length_250M,tsetlin_MTPS4800,0.41211,40000002,97060342,83736,24561,59175,1161,0,1161,0,17307,160599,118731,41868,41868,40707,1161,103189,103189,52934,1344,51,54280,0,168.48037,99.76357,0.13085,255.03955,0,0,0,0,0,0,0,0,0,0,0,0,0,0,0,0,0,0,0,0,0,166597,61481,54275,57009,2166,54843,103189,52322,50867,57009,50641,7387,43254,1993,54255,51418,1993,57009,0,0,0,0,0,0,0,0,0,0,0,0,0,0,0,0,0,0,0,0,0,0,0,0,0,0,0,0,0,0,0
parsec_2.1.streamcluster.simlarge.prebuilt.drop_0M.length_250M,meta_selector_MTPS4800,0.41207,40000002,97070779,83734,24532,59202,1195,0,1195,0,17335,163585,121718,41867,41868,40673,1195,108119,108119,52892,1371,56,54266,0,168.64478,99.76357,0.13085,255.03955,52113,490,4405,91.41348,0.85953,7.72699,0.58118,0.35855,0.21038,0.11765,0.94061,0.216,57008,2368,4405,51230,606,767,134,0,0.24346,166539,60715,54445,57008,2136,54872,103468,52477,50991,57008,50770,6767,44003,1851,54258,51540,1851,57008,0,112791,434,56990,57008,591,56417,5412,1499,3913,1657,0,57008,184,146,38,0,184,184,0,57008,0,1657,0,57008,55298,54739,520,47489,24446,0
parsec_2.1.streamcluster.simlarge.prebuilt.drop_0M.length_250M,tsetlin_no_dyn_deg,0.41193,40000002,97104803,83736,24557,59179,3015,0,3015,0,17311,122884,81016,41868,41868,38853,3015,52440,52440,49964,718,71,50683,0,167.98715,99.76357,0.13085,255.03955,0,0,0,0,0,0,0,0,0,0,0,0,0,0,0,0,0,0,0,0,0,162666,103649,54713,57009,2166,54843,52440,0,0,57009,50708,49807,901,2047,54693,51489,2047,57009,89924,0,0,0,0,0,0,0,0,0,0,0,0,0,0,0,0,0,0,0,0,0,0,0,0,0,0,0,0,0,0
parsec_2.1.streamcluster.simlarge.prebuilt.drop_0M.length_250M,linucb_no_dyn_deg,0.4121,40000002,97063769,83736,24560,59176,846,0,846,0,17308,124801,82933,41868,41868,41022,846,54347,54347,52060,831,28,52892,0,167.89187,99.76357,0.13085,255.03955,0,0,0,0,0,0,0,0,0,0,0,0,0,0,0,0,0,0,0,0,0,0,0,0,0,0,0,0,0,0,0,0,0,0,0,0,0,0,0,0,164607,105730,56648,57008,291,56717,54347,0,0,55903,0,57008,52478,51901,577,2116,56639,53098,2116,57008,81321,55903,0,0,0,0,0,0,0,0
parsec_2.1.streamcluster.simlarge.prebuilt.drop_0M.length_250M,tsetlin_no_featurewise,0.41208,40000002,97067389,83736,24530,59206,1195,0,1195,0,17338,161302,119434,41868,41868,40673,1195,104181,104181,52968,1133,59,54103,0,169.08489,99.76357,0.13085,255.03955,0,0,0,0,0,0,0,0,0,0,0,0,0,0,0,0,0,0,0,0,0,166291,60721,54928,57009,2166,54843,104181,52852,51329,57009,51270,6766,44504,1833,54906,52011,1833,0,0,0,0,0,0,0,0,0,0,0,0,0,0,0,0,0,0,0,0,0,0,0,0,0,0,0,0,0,0,0,0
parsec_2.1.streamcluster.simlarge.prebuilt.drop_0M.length_250M,linucb_no_featurewise,0.41141,40000002,97227612,83738,24585,59153,11389,0,11389,0,17284,118656,76787,41869,41868,30479,11389,46659,46659,38923,888,10,39826,0,171.04249,99.76357,0.13085,255.03955,0,0,0,0,0,0,0,0,0,0,0,0,0,0,0,0,0,0,0,0,0,0,0,0,0,0,0,0,0,0,0,0,0,0,0,0,0,0,0,0,150175,84639,42555,57008,291,56717,46659,9203,7771,55834,0,57008,36921,32309,4612,2122,42526,37297,2122,0,0,55834,0,0,0,0,0,0,0,0
parsec_2.1.streamcluster.simlarge.prebuilt.drop_0M.length_250M,meta_selector_no_explore,0.41208,40000002,97069362,83730,24576,59154,1076,0,1076,0,17289,163408,121543,41865,41868,40792,1076,107882,107882,53167,1390,54,54559,0,169.38746,99.76357,0.13085,255.03955,52486,340,4183,92.06616,0.5964,7.33744,0.57767,0.42717,0.99887,0.11765,0.94061,0.216,57009,2363,4183,51149,0,1677,174,0,0,166763,60802,54734,57009,2166,54843,103822,52660,51162,57009,51015,6877,44138,1806,54647,51845,1806,57009,0,113424,333,56996,57009,588,56421,6880,1843,5037,1984,0,57009,142,98,44,0,142,142,0,57009,0,1984,0,57009,55299,54740,520,47499,24451,0
parsec_2.1.streamcluster.simlarge.prebuilt.drop_0M.length_250M,linucb_no_suppress,0.41208,40000002,97069439,83736,24596,59140,2360,0,2360,0,17272,123577,81709,41868,41868,39508,2360,53689,53689,50526,1038,59,51567,0,168.09442,99.76357,0.13085,255.03955,0,0,0,0,0,0,0,0,0,0,0,0,0,0,0,0,0,0,0,0,0,0,0,0,0,0,0,0,0,0,0,0,0,0,0,0,0,0,0,0,161681,102286,56469,57008,291,56717,53689,1603,1122,0,0,57008,51006,49805,1201,2356,56442,51035,2356,57008,79502,55903,0,0,0,0,0,0,0,0
cassandra_phase0_core0,nopref,0.3499,40000002,114318882,448992,169884,279108,337270,115354,221916,14616,42576,534945,170023,364922,403984,66714,337270,0,0,0,0,0,0,0,169.52924,97.97532,2.5232,104.0451,0,0,0,0,0,0,0,0,0,0,0,0,0,0,0,0,0,0,0,0,0,0,0,0,0,0,0,0,0,0,0,0,0,0,0,0,0,0,0,0,0,0,0,0,0,0,0,0,0,0,0,0,0,0,0,0,0,0,0,0,0,0,0,0,0,0,0,0,0,0
cassandra_phase0_core0,spp,0.37148,40000002,107676323,810914,442534,368380,291697,148915,142782,20506,10181,604814,236519,368295,403978,93043,310935,899437,899437,39794,4753,19408,44577,0,143.62604,97.97532,2.5232,103.86204,0,0,0,0,0,0,0,0,0,0,0,0,0,0,0,0,0,0,0,0,0,0,0,0,0,0,0,0,0,0,0,0,0,0,0,0,0,0,0,0,0,0,0,0,0,0,0,0,0,0,0,0,0,0,0,0,0,0,0,0,0,0,0,0,0,0,0,0,0,0
cassandra_phase0_core0,bingo,0.36846,40000002,108559149,700787,331368,369419,226261,90213,136048,18894,23965,727736,325342,402394,403985,171878,232107,531968,531968,136171,44367,5946,180806,0,191.11215,97.97532,2.5232,103.82724,0,0,0,0,0,0,0,0,0,0,0,0,0,0,0,0,0,0,0,0,0,0,0,0,0,0,0,0,0,0,0,0,0,0,0,0,0,0,0,0,0,0,0,0,0,0,0,0,0,0,0,0,0,0,0,0,0,0,0,0,0,0,0,0,0,0,0,0,0,0
cassandra_phase0_core0,mlop,0.37297,40000002,107247073,1563692,352598,1211094,285337,142406,142931,20233,20009,681709,215472,466237,403978,110505,293473,1540190,1540190,68770,118201,8304,188864,0,170.33952,97.97532,2.5232,104.14112,0,0,0,0,0,0,0,0,0,0,0,0,0,0,0,0,0,0,0,0,0,0,0,0,0,0,0,0,0,0,0,0,0,0,0,0,0,0,0,0,0,0,0,0,0,0,0,0,0,0,0,0,0,0,0,0,0,0,0,0,0,0,0,0,0,0,0,0,0,0
cassandra_phase0_core0,pythia,0.38228,40000002,104635154,631957,253133,378824,189458,86731,102727,16492,41238,1201025,654122,546903,403980,196591,207389,1309012,1308997,200825,212285,18508,414040,15,167.38648,97.97532,2.5232,103.56781,0,0,0,0,0,0,0,0,0,0,0,0,0,0,0,0,0,0,0,0,0,0,0,0,0,0,0,0,0,0,0,0,0,0,0,0,0,0,0,0,0,0,0,0,0,0,0,0,0,0,0,0,0,0,0,0,0,0,0,0,0,0,0,0,0,0,0,0,0,0
cassandra_phase0_core0,linucb,0.37482,40000002,106717388,623327,238079,385248,230300,97821,132479,17014,42509,864712,326490,538222,403978,155847,248131,526332,526332,145968,208766,18692,355670,0,166.47466,97.97532,2.5232,103.67561,0,0,0,0,0,0,0,0,0,0,0,0,0,0,0,0,0,0,0,0,0,0,0,0,0,0,0,0,0,0,0,0,0,0,0,0,0,0,0,0,1406504,579667,519124,540270,2662,537608,526332,40464,36914,531770,0,540270,222018,123785,98233,266239,518742,230143,266239,540270,0,531770,0,0,0,0,0,0,0,0
cassandra_phase0_core0,tsetlin,0.37167,40000002,107622476,819256,298197,521059,241700,101516,140184,19261,46701,1102349,368521,733828,403982,145189,258793,862126,862109,149095,444900,17635,595523,17,175.30964,97.97532,2.5232,103.97322,0,0,0,0,0,0,0,0,0,0,0,0,0,0,0,0,0,0,0,0,0,1610398,477585,527618,540273,7310,532963,862126,451914,402703,540273,171887,62184,109703,288940,527186,175025,288940,540273,0,0,0,0,0,0,0,0,0,0,0,0,0,0,0,0,0,0,0,0,0,0,0,0,0,0,0,0,0,0,0
cassandra_phase0_core0,meta_selector,0.37591,40000002,106407808,838965,312165,526800,220340,93498,126842,19140,43316,1233473,480070,753403,403981,167653,236328,1083392,1083345,176666,471060,16448,649286,47,174.33864,97.97532,2.5232,103.89687,283998,240691,15583,52.56575,44.54997,2.88429,1.01458,1.26617,0.43791,2e-05,0.09083,0.02765,540272,12054,15583,100466,38408,385815,42323,122,0.05,1662520,403602,527947,540272,7293,532979,858567,450135,400512,540272,170172,57531,112641,288319,527355,173357,288319,540272,0,1699869,428599,520818,540272,5338,534934,1125553,490857,634696,528479,0,540272,228369,57950,170419,259385,518681,238000,259385,540272,0,528479,0,540272,361813,282250,71781,182628,92660,0
cassandra_phase0_core0,nopref_MTPS600,0.34393,40000002,116303497,448991,169808,279183,337270,115276,221994,14611,42578,534938,170016,364922,403983,66713,337270,0,0,0,0,0,0,0,196.00806,97.97532,2.5232,104.19404,0,0,0,0,0,0,0,0,0,0,0,0,0,0,0,0,0,0,0,0,0,0,0,0,0,0,0,0,0,0,0,0,0,0,0,0,0,0,0,0,0,0,0,0,0,0,0,0,0,0,0,0,0,0,0,0,0,0,0,0,0,0,0,0,0,0,0,0,0,0
cassandra_phase0_core0,spp_MTPS600,0.36264,40000002,110303355,790166,422721,367445,291219,147140,144079,20433,10394,604687,236554,368133,403980,92704,311276,908357,908357,39437,4614,20227,44076,0,183.87445,97.97532,2.5232,104.04019,0,0,0,0,0,0,0,0,0,0,0,0,0,0,0,0,0,0,0,0,0,0,0,0,0,0,0,0,0,0,0,0,0,0,0,0,0,0,0,0,0,0,0,0,0,0,0,0,0,0,0,0,0,0,0,0,0,0,0,0,0,0,0,0,0,0,0,0,0,0
cassandra_phase0_core0,bingo_MTPS600,0.35634,40000002,112252861,700664,331308,369356,226273,90107,136166,18891,23978,719543,317060,402483,403985,163681,240304,532028,532028,128003,44421,14132,172693,0,320.12324,97.97532,2.5232,104.10775,0,0,0,0,0,0,0,0,0,0,0,0,0,0,0,0,0,0,0,0,0,0,0,0,0,0,0,0,0,0,0,0,0,0,0,0,0,0,0,0,0,0,0,0,0,0,0,0,0,0,0,0,0,0,0,0,0,0,0,0,0,0,0,0,0,0,0,0,0,0
cassandra_phase0_core0,mlop_MTPS600,0.31911,40000002,125349399,1552747,345139,1207608,283509,140676,142833,20063,20618,679480,212203,467277,403989,107120,296869,1534794,1534794,65233,118664,13530,186612,0,360.86395,97.97532,2.5232,104.91489,0,0,0,0,0,0,0,0,0,0,0,0,0,0,0,0,0,0,0,0,0,0,0,0,0,0,0,0,0,0,0,0,0,0,0,0,0,0,0,0,0,0,0,0,0,0,0,0,0,0,0,0,0,0,0,0,0,0,0,0,0,0,0,0,0,0,0,0,0,0
cassandra_phase0_core0,pythia_MTPS600,0.37287,40000002,107276236,629608,251916,377692,189347,86578,102769,16381,41299,1161270,616691,544579,403982,185967,218015,1306593,1306578,190116,210078,29250,401105,15,210.31619,97.97532,2.5232,103.75549,0,0,0,0,0,0,0,0,0,0,0,0,0,0,0,0,0,0,0,0,0,0,0,0,0,0,0,0,0,0,0,0,0,0,0,0,0,0,0,0,0,0,0,0,0,0,0,0,0,0,0,0,0,0,0,0,0,0,0,0,0,0,0,0,0,0,0,0,0,0
cassandra_phase0_core0,linucb_MTPS600,0.36468,40000002,109684720,624341,239080,385261,230194,97841,132353,16960,42465,857041,317832,539209,403982,148836,255146,519570,519570,139057,209606,25816,349633,0,205.97503,97.97532,2.5232,103.89461,0,0,0,0,0,0,0,0,0,0,0,0,0,0,0,0,0,0,0,0,0,0,0,0,0,0,0,0,0,0,0,0,0,0,0,0,0,0,0,0,1401046,575384,519825,540274,2694,537580,519570,31370,28880,532489,0,540274,221730,119587,102143,267737,519438,229700,267737,540274,0,532489,0,0,0,0,0,0,0,0
cassandra_phase0_core0,tsetlin_MTPS600,0.36018,40000002,111056816,792935,291374,501561,242949,101414,141535,19088,46380,1045524,338032,707492,403979,137828,266151,797681,797664,139734,421086,23750,562261,17,220.38748,97.97532,2.5232,104.18074,0,0,0,0,0,0,0,0,0,0,0,0,0,0,0,0,0,0,0,0,0,1575361,487572,527725,540270,7310,532960,797681,381205,339995,540270,172173,71230,100943,285540,527315,175446,285540,540270,0,0,0,0,0,0,0,0,0,0,0,0,0,0,0,0,0,0,0,0,0,0,0,0,0,0,0,0,0,0,0
cassandra_phase0_core0,meta_selector_MTPS600,0.36326,40000002,110115283,822507,311759,510748,224062,95030,129032,19076,42119,1175352,438569,736783,403980,156444,247536,1022912,1022865,164079,456332,23941,621875,47,222.06204,97.97532,2.5232,104.07883,289672,234832,15767,53.61605,43.4656,2.91835,1.17802,1.38235,0.46428,0.04937,0.08864,0.02765,540271,12704,15767,102579,38293,383632,42089,103,0.05,1635238,414737,527903,540271,7293,532978,801946,386237,343782,540271,172098,60512,111586,286876,527260,175607,286876,540271,0,1671470,423477,519212,540271,5381,534890,1065859,488265,577594,528552,0,540271,225499,54858,170641,259689,517072,234926,259689,540271,0,528552,0,540271,361809,282240,71792,182647,92670,0
cassandra_phase0_core0,nopref_MTPS4800,0.35041,40000002,114153114,448993,169883,279110,337270,115355,221915,14616,42579,534945,170022,364923,403984,66714,337270,0,0,0,0,0,0,0,167.16117,97.97532,2.5232,104.04483,0,0,0,0,0,0,0,0,0,0,0,0,0,0,0,0,0,0,0,0,0,0,0,0,0,0,0,0,0,0,0,0,0,0,0,0,0,0,0,0,0,0,0,0,0,0,0,0,0,0,0,0,0,0,0,0,0,0,0,0,0,0,0,0,0,0,0,0,0,0
cassandra_phase0_core0,spp_MTPS4800,0.37213,40000002,107489468,822350,453726,368624,291732,148712,143020,20474,9999,605506,237427,368079,403978,93245,310733,910495,910495,39991,4542,19171,44563,0,140.50483,97.97532,2.5232,103.82918,0,0,0,0,0,0,0,0,0,0,0,0,0,0,0,0,0,0,0,0,0,0,0,0,0,0,0,0,0,0,0,0,0,0,0,0,0,0,0,0,0,0,0,0,0,0,0,0,0,0,0,0,0,0,0,0,0,0,0,0,0,0,0,0,0,0,0,0,0,0
cassandra_phase0_core0,bingo_MTPS4800,0.36931,40000002,108310813,700526,331112,369414,226290,90279,136011,18904,24063,728052,325753,402299,403986,172324,231662,531581,531581,136617,44270,5472,181155,0,175.87172,97.97532,2.5232,103.83911,0,0,0,0,0,0,0,0,0,0,0,0,0,0,0,0,0,0,0,0,0,0,0,0,0,0,0,0,0,0,0,0,0,0,0,0,0,0,0,0,0,0,0,0,0,0,0,0,0,0,0,0,0,0,0,0,0,0,0,0,0,0,0,0,0,0,0,0,0,0
cassandra_phase0_core0,mlop_MTPS4800,0.37512,40000002,106631558,1568413,353591,1214822,285239,143691,141548,20326,19425,694002,216837,477165,403980,112318,291662,1543445,1543445,70671,127840,6586,201293,0,163.1133,97.97532,2.5232,104.06539,0,0,0,0,0,0,0,0,0,0,0,0,0,0,0,0,0,0,0,0,0,0,0,0,0,0,0,0,0,0,0,0,0,0,0,0,0,0,0,0,0,0,0,0,0,0,0,0,0,0,0,0,0,0,0,0,0,0,0,0,0,0,0,0,0,0,0,0,0,0
cassandra_phase0_core0,pythia_MTPS4800,0.38315,40000002,104397366,632037,252993,379044,189500,86762,102738,16514,41277,1204617,657639,546978,403981,197036,206945,1309195,1309180,201287,212354,18022,414562,15,163.30326,97.97532,2.5232,103.5508,0,0,0,0,0,0,0,0,0,0,0,0,0,0,0,0,0,0,0,0,0,0,0,0,0,0,0,0,0,0,0,0,0,0,0,0,0,0,0,0,0,0,0,0,0,0,0,0,0,0,0,0,0,0,0,0,0,0,0,0,0,0,0,0,0,0,0,0,0,0
cassandra_phase0_core0,linucb_MTPS4800,0.37546,40000002,106534860,622222,239494,382728,225977,96848,129129,17008,42291,864915,327838,537077,403979,156962,247017,531401,531401,146938,207820,21898,355692,0,162.83208,97.97532,2.5232,103.66494,0,0,0,0,0,0,0,0,0,0,0,0,0,0,0,0,0,0,0,0,0,0,0,0,0,0,0,0,0,0,0,0,0,0,0,0,0,0,0,0,1409648,583635,522220,540271,2642,537629,531401,40053,35767,531914,0,540271,228076,125650,102426,265607,521824,236422,265607,540271,0,531914,0,0,0,0,0,0,0,0
cassandra_phase0_core0,tsetlin_MTPS4800,0.37282,40000002,107291379,826209,303783,522426,241253,101179,140074,19386,43233,1116632,375838,740794,403984,148653,255331,876621,876604,152904,451450,14623,605797,17,171.66442,97.97532,2.5232,103.88149,0,0,0,0,0,0,0,0,0,0,0,0,0,0,0,0,0,0,0,0,0,1625108,483346,527358,540275,7310,532965,876621,463145,413096,540275,173448,63399,110049,292080,526936,176559,292080,540275,0,0,0,0,0,0,0,0,0,0,0,0,0,0,0,0,0,0,0,0,0,0,0,0,0,0,0,0,0,0,0
cassandra_phase0_core0,meta_selector_MTPS4800,0.37719,40000002,106047356,833826,309359,524467,216856,92807,124049,19168,46056,1226632,478470,748162,403981,168634,235347,1085697,1085650,176756,466994,18949,645309,47,168.71635,97.97532,2.5232,103.81566,281277,244030,14965,52.06211,45.16799,2.7699,1.04004,1.85483,0.43775,0.00019,0.08933,0.02765,540272,11812,14965,98420,38532,388355,42591,104,0.05,1661711,404965,528018,540272,7293,532979,872826,460749,411520,540272,173406,58260,115146,288499,527428,176761,288499,540272,0,1695901,430114,520840,540272,5345,534927,1123205,490888,632317,528859,0,540272,229869,57432,172437,258063,518717,239485,258063,540272,0,528859,0,540272,361807,282239,71789,182630,92662,0
cassandra_phase0_core0,tsetlin_no_dyn_deg,0.36545,40000002,109455165,627387,224882,402505,267824,105526,162298,17766,44238,803706,261514,542192,403985,122947,281038,402042,402042,100178,215223,13679,316126,0,174.13985,97.97532,2.5232,103.95757,0,0,0,0,0,0,0,0,0,0,0,0,0,0,0,0,0,0,0,0,0,1270066,459858,530797,540276,7316,532960,402042,0,0,540276,134675,94506,40169,248796,530338,140063,248796,540276,405428,0,0,0,0,0,0,0,0,0,0,0,0,0,0,0,0,0,0,0,0,0,0,0,0,0,0,0,0,0,0
cassandra_phase0_core0,linucb_no_dyn_deg,0.37541,40000002,106548818,621115,239445,381670,221298,94321,126977,16712,42244,855198,319162,536036,403978,154821,249157,512621,512621,145050,201065,28996,347012,0,164.9701,97.97532,2.5232,103.6331,0,0,0,0,0,0,0,0,0,0,0,0,0,0,0,0,0,0,0,0,0,0,0,0,0,0,0,0,0,0,0,0,0,0,0,0,0,0,0,0,1409977,603822,530196,540270,2646,537624,512621,0,0,534237,0,540270,246736,139222,107514,264861,529834,254737,264861,540270,596647,534237,0,0,0,0,0,0,0,0
cassandra_phase0_core0,tsetlin_no_featurewise,0.36897,40000002,108410821,764667,270576,494091,250232,103193,147039,19108,45627,1006463,327190,679273,403984,132369,271615,731401,731401,128415,380570,21957,510415,0,175.4148,97.97532,2.5232,104.0351,0,0,0,0,0,0,0,0,0,0,0,0,0,0,0,0,0,0,0,0,0,1482527,450157,509606,540274,7313,532961,731401,394751,331983,540274,146211,62498,83713,252743,509198,151575,252743,0,0,0,0,0,0,0,0,0,0,0,0,0,0,0,0,0,0,0,0,0,0,0,0,0,0,0,0,0,0,0,0
cassandra_phase0_core0,linucb_no_featurewise,0.37522,40000002,106603496,620316,241008,379308,231249,96571,134678,16867,42056,861522,326244,535278,403976,164783,239193,477359,477359,152090,202329,8449,355251,0,167.46195,97.97532,2.5232,103.69855,0,0,0,0,0,0,0,0,0,0,0,0,0,0,0,0,0,0,0,0,0,0,0,0,0,0,0,0,0,0,0,0,0,0,0,0,0,0,0,0,1396442,591052,508307,540268,2656,537612,477359,9812,8397,522668,0,540268,210679,139482,71197,252535,507965,221207,252535,0,0,522668,0,0,0,0,0,0,0,0
cassandra_phase0_core0,meta_selector_no_explore,0.37625,40000002,106311603,833258,309194,524064,215975,93372,122603,18973,45159,1220080,472307,747773,403976,166681,237295,1092422,1092135,176481,466530,21830,644563,287,173.39715,97.97532,2.5232,103.8184,279114,246187,14966,51.66224,45.56765,2.77011,1.2167,1.61102,0.32015,0.00476,0.08953,0.02765,540267,12009,14966,99380,0,425921,42550,74,0,1656107,404222,528007,540267,7295,532972,859212,449032,402777,540267,171080,61431,109649,282936,527523,174526,282936,540267,0,1692962,426386,526922,540267,5393,534874,1151574,494787,656787,524845,0,540267,235817,54659,181158,253725,520854,246400,253725,540267,0,524845,0,540267,361794,282238,71778,182651,92672,0
cassandra_phase0_core0,linucb_no_suppress,0.37509,40000002,106640172,624665,242124,382541,221623,94523,127100,16955,42167,857909,318275,539634,403978,155414,248564,508420,508420,145047,208067,27456,353998,0,164.15901,97.97532,2.5232,103.63083,0,0,0,0,0,0,0,0,0,0,0,0,0,0,0,0,0,0,0,0,0,0,0,0,0,0,0,0,0,0,0,0,0,0,0,0,0,0,0,0,1414770,603306,527078,540270,2648,537622,508420,1626,1110,0,0,540270,236719,138952,97767,269719,526724,244192,269719,540270,591104,534044,0,0,0,0,0,0,0,0
nutch_phase0_core0,nopref,0.32266,40000003,123967816,263560,65051,198509,148495,36806,111689,9553,77267,429307,269756,159551,265908,117413,148495,0,0,0,0,0,0,0,171.43703,96.47233,5.8527,122.27002,0,0,0,0,0,0,0,0,0,0,0,0,0,0,0,0,0,0,0,0,0,0,0,0,0,0,0,0,0,0,0,0,0,0,0,0,0,0,0,0,0,0,0,0,0,0,0,0,0,0,0,0,0,0,0,0,0,0,0,0,0,0,0,0,0,0,0,0,0,0
nutch_phase0_core0,spp,0.3374,40000003,118552763,761024,621811,139213,93447,74366,19081,9395,3608,573329,412950,160379,265908,169349,96559,1005094,1005094,64859,1025,3152,65889,0,95.99224,96.47233,5.8527,115.70228,0,0,0,0,0,0,0,0,0,0,0,0,0,0,0,0,0,0,0,0,0,0,0,0,0,0,0,0,0,0,0,0,0,0,0,0,0,0,0,0,0,0,0,0,0,0,0,0,0,0,0,0,0,0,0,0,0,0,0,0,0,0,0,0,0,0,0,0,0,0
nutch_phase0_core0,bingo,0.33735,40000003,118571824,357867,140924,216943,53512,31438,22074,9216,73888,589149,423597,165552,265901,210916,54985,308133,308133,113457,4923,1496,118445,0,277.61668,96.47233,5.8527,115.2511,0,0,0,0,0,0,0,0,0,0,0,0,0,0,0,0,0,0,0,0,0,0,0,0,0,0,0,0,0,0,0,0,0,0,0,0,0,0,0,0,0,0,0,0,0,0,0,0,0,0,0,0,0,0,0,0,0,0,0,0,0,0,0,0,0,0,0,0,0,0
nutch_phase0_core0,mlop,0.33877,40000003,118075355,415758,224217,191541,49982,35776,14206,8835,29004,563647,371893,191754,265903,212610,53293,360621,360621,123909,41001,3404,165103,0,153.47873,96.47233,5.8527,114.52048,0,0,0,0,0,0,0,0,0,0,0,0,0,0,0,0,0,0,0,0,0,0,0,0,0,0,0,0,0,0,0,0,0,0,0,0,0,0,0,0,0,0,0,0,0,0,0,0,0,0,0,0,0,0,0,0,0,0,0,0,0,0,0,0,0,0,0,0,0,0
nutch_phase0_core0,pythia,0.3394,40000003,117854374,329059,130948,198111,38147,25810,12337,9222,58247,1168285,943875,224410,265916,221345,44571,1225845,1225353,147689,72814,6756,220599,492,165.92554,96.47233,5.8527,114.44447,0,0,0,0,0,0,0,0,0,0,0,0,0,0,0,0,0,0,0,0,0,0,0,0,0,0,0,0,0,0,0,0,0,0,0,0,0,0,0,0,0,0,0,0,0,0,0,0,0,0,0,0,0,0,0,0,0,0,0,0,0,0,0,0,0,0,0,0,0,0
nutch_phase0_core0,linucb,0.33382,40000003,119823790,298439,98310,200129,71716,30060,41656,9275,68054,638712,444557,194155,265911,186342,79569,325303,325303,101433,40515,8674,142023,0,165.39741,96.47233,5.8527,117.21309,0,0,0,0,0,0,0,0,0,0,0,0,0,0,0,0,0,0,0,0,0,0,0,0,0,0,0,0,0,0,0,0,0,0,0,0,0,0,0,0,842234,364796,336552,361497,1762,359735,325303,17798,11534,356426,0,361497,206071,92388,113683,109537,336512,211056,109537,361497,0,356426,0,0,0,0,0,0,0,0
nutch_phase0_core0,tsetlin,0.33672,40000003,118791563,369998,152752,217246,55691,33445,22246,9342,60928,815205,551065,264140,265919,205783,60136,585389,585368,132793,122661,4884,255556,21,161.05259,96.47233,5.8527,115.0147,0,0,0,0,0,0,0,0,0,0,0,0,0,0,0,0,0,0,0,0,0,943267,296685,348195,361506,5609,355897,585389,305178,277470,361506,178753,42664,136089,135180,348174,181604,135180,361506,0,0,0,0,0,0,0,0,0,0,0,0,0,0,0,0,0,0,0,0,0,0,0,0,0,0,0,0,0,0,0
nutch_phase0_core0,meta_selector,0.334,40000003,119761311,365456,150050,215406,73404,31982,41422,8992,60827,873161,613622,259539,265918,188199,77719,696604,696489,113832,118533,4676,232563,115,160.68847,96.47233,5.8527,116.70179,177843,166098,17564,49.19517,45.94625,4.85858,1.15898,1.65654,0.11495,0.11765,0.16039,0.02352,361505,14333,17564,101871,27451,214619,24205,85,0.05,921530,256525,347534,361505,5576,355929,586521,305761,278154,361505,177471,24460,153011,137295,347357,179943,137295,361505,0,917504,304208,315713,361505,3608,357897,603049,277644,325405,352571,0,361505,172758,54462,118296,108486,311944,177614,108486,361505,0,352571,0,361505,190362,181532,6339,107223,55186,0
nutch_phase0_core0,nopref_MTPS600,0.32045,40000003,124825096,263559,65062,198497,148494,36805,111689,9553,77255,429323,269773,159550,265930,117436,148494,0,0,0,0,0,0,0,215.09881,96.47233,5.8527,122.39712,0,0,0,0,0,0,0,0,0,0,0,0,0,0,0,0,0,0,0,0,0,0,0,0,0,0,0,0,0,0,0,0,0,0,0,0,0,0,0,0,0,0,0,0,0,0,0,0,0,0,0,0,0,0,0,0,0,0,0,0,0,0,0,0,0,0,0,0,0,0
nutch_phase0_core0,spp_MTPS600,0.33483,40000003,119462985,756500,617362,139138,93280,73441,19839,9408,3778,574003,413563,160440,265928,169100,96828,1005454,1005454,64615,1062,3588,65681,0,145.67468,96.47233,5.8527,115.7551,0,0,0,0,0,0,0,0,0,0,0,0,0,0,0,0,0,0,0,0,0,0,0,0,0,0,0,0,0,0,0,0,0,0,0,0,0,0,0,0,0,0,0,0,0,0,0,0,0,0,0,0,0,0,0,0,0,0,0,0,0,0,0,0,0,0,0,0,0,0
nutch_phase0_core0,bingo_MTPS600,0.33331,40000003,120006746,357198,140300,216898,53483,30896,22587,9211,73960,585468,419941,165527,265936,207558,58378,307961,307961,110051,4913,4917,115029,0,628.32874,96.47233,5.8527,115.32943,0,0,0,0,0,0,0,0,0,0,0,0,0,0,0,0,0,0,0,0,0,0,0,0,0,0,0,0,0,0,0,0,0,0,0,0,0,0,0,0,0,0,0,0,0,0,0,0,0,0,0,0,0,0,0,0,0,0,0,0,0,0,0,0,0,0,0,0,0,0
nutch_phase0_core0,mlop_MTPS600,0.33373,40000003,119858248,413304,221265,192039,48604,34429,14175,8812,28862,560825,370103,190722,265928,210929,54999,364340,364340,122245,39952,6486,162385,0,270.66242,96.47233,5.8527,114.60598,0,0,0,0,0,0,0,0,0,0,0,0,0,0,0,0,0,0,0,0,0,0,0,0,0,0,0,0,0,0,0,0,0,0,0,0,0,0,0,0,0,0,0,0,0,0,0,0,0,0,0,0,0,0,0,0,0,0,0,0,0,0,0,0,0,0,0,0,0,0
nutch_phase0_core0,pythia_MTPS600,0.33617,40000003,118988370,329002,130664,198338,38141,25797,12344,9225,58418,1160509,936134,224375,265928,218119,47809,1225649,1225155,144464,72777,10004,217337,494,233.60821,96.47233,5.8527,114.50966,0,0,0,0,0,0,0,0,0,0,0,0,0,0,0,0,0,0,0,0,0,0,0,0,0,0,0,0,0,0,0,0,0,0,0,0,0,0,0,0,0,0,0,0,0,0,0,0,0,0,0,0,0,0,0,0,0,0,0,0,0,0,0,0,0,0,0,0,0,0
nutch_phase0_core0,linucb_MTPS600,0.33295,40000003,120137749,306086,104331,201755,60770,31488,29282,9377,67806,664918,463251,201667,265927,196332,69595,349084,349084,112366,46851,9645,159316,0,228.10116,96.47233,5.8527,116.30641,0,0,0,0,0,0,0,0,0,0,0,0,0,0,0,0,0,0,0,0,0,0,0,0,0,0,0,0,0,0,0,0,0,0,0,0,0,0,0,0,864975,371740,343733,361513,1755,359758,349084,25640,22718,356326,0,361513,213494,94300,119194,113191,343715,218184,113191,361513,0,356326,0,0,0,0,0,0,0,0
nutch_phase0_core0,tsetlin_MTPS600,0.33326,40000003,120027021,364870,151165,213705,56709,33693,23016,9326,59741,802740,543771,258969,265932,204000,61932,567612,567592,130603,118178,5665,248883,20,225.72879,96.47233,5.8527,115.18928,0,0,0,0,0,0,0,0,0,0,0,0,0,0,0,0,0,0,0,0,0,934772,294496,348267,361519,5610,355909,567612,288561,261443,361519,176752,42526,134226,135912,348241,179531,135912,361519,0,0,0,0,0,0,0,0,0,0,0,0,0,0,0,0,0,0,0,0,0,0,0,0,0,0,0,0,0,0,0
nutch_phase0_core0,meta_selector_MTPS600,0.33175,40000003,120574548,364845,149996,214849,63378,30885,32493,9099,59487,886777,627774,259003,265932,196093,69839,711687,711560,121556,118180,6822,239926,127,234.12527,96.47233,5.8527,116.07268,184000,162564,14955,50.89636,44.96693,4.13671,1.12887,2.0235,0.05818,0.11765,0.15532,0.02352,361519,12545,14955,93441,28009,225114,25243,91,0.05,930874,262490,347814,361519,5576,355943,578814,292608,268254,361519,181573,26031,155542,135493,347636,184178,135493,361519,0,929055,301802,323036,361519,3593,357926,660112,289127,370985,352504,0,361519,182841,50445,132396,108691,319266,187652,108691,361519,0,352504,0,361519,190374,181540,6343,107239,55195,0
nutch_phase0_core0,nopref_MTPS4800,0.3229,40000003,123877695,263561,65044,198517,148496,36808,111688,9553,77276,429307,269755,159552,265904,117408,148496,0,0,0,0,0,0,0,166.6014,96.47233,5.8527,122.2579,0,0,0,0,0,0,0,0,0,0,0,0,0,0,0,0,0,0,0,0,0,0,0,0,0,0,0,0,0,0,0,0,0,0,0,0,0,0,0,0,0,0,0,0,0,0,0,0,0,0,0,0,0,0,0,0,0,0,0,0,0,0,0,0,0,0,0,0,0,0
nutch_phase0_core0,spp_MTPS4800,0.33768,40000003,118455503,760798,621715,139083,93553,74775,18778,9407,3751,573228,412845,160383,265907,169250,96657,1005955,1005955,64773,1026,3144,65803,0,89.89306,96.47233,5.8527,115.68653,0,0,0,0,0,0,0,0,0,0,0,0,0,0,0,0,0,0,0,0,0,0,0,0,0,0,0,0,0,0,0,0,0,0,0,0,0,0,0,0,0,0,0,0,0,0,0,0,0,0,0,0,0,0,0,0,0,0,0,0,0,0,0,0,0,0,0,0,0,0
nutch_phase0_core0,bingo_MTPS4800,0.3377,40000003,118448725,357920,141118,216802,53525,31436,22089,9214,73734,589534,423978,165556,265898,211265,54633,308171,308171,113811,4928,1128,118804,0,230.71922,96.47233,5.8527,115.23968,0,0,0,0,0,0,0,0,0,0,0,0,0,0,0,0,0,0,0,0,0,0,0,0,0,0,0,0,0,0,0,0,0,0,0,0,0,0,0,0,0,0,0,0,0,0,0,0,0,0,0,0,0,0,0,0,0,0,0,0,0,0,0,0,0,0,0,0,0,0
nutch_phase0_core0,mlop_MTPS4800,0.33912,40000003,117953263,415833,224603,191230,49410,35189,14221,8836,27762,565533,372909,192624,265897,213486,52411,361275,361275,124841,41820,3092,166851,0,142.27499,96.47233,5.8527,114.51672,0,0,0,0,0,0,0,0,0,0,0,0,0,0,0,0,0,0,0,0,0,0,0,0,0,0,0,0,0,0,0,0,0,0,0,0,0,0,0,0,0,0,0,0,0,0,0,0,0,0,0,0,0,0,0,0,0,0,0,0,0,0,0,0,0,0,0,0,0,0
nutch_phase0_core0,pythia_MTPS4800,0.33964,40000003,117770540,329169,130963,198206,38196,25838,12358,9223,58325,1169451,944924,224527,265913,221624,44289,1225855,1225363,147992,72915,6425,221003,492,159.71692,96.47233,5.8527,114.44079,0,0,0,0,0,0,0,0,0,0,0,0,0,0,0,0,0,0,0,0,0,0,0,0,0,0,0,0,0,0,0,0,0,0,0,0,0,0,0,0,0,0,0,0,0,0,0,0,0,0,0,0,0,0,0,0,0,0,0,0,0,0,0,0,0,0,0,0,0,0
nutch_phase0_core0,linucb_MTPS4800,0.33417,40000003,119698248,305945,102199,203746,71894,32225,39669,9201,68079,655615,454123,201492,265909,187993,77916,333499,333499,103867,46976,6842,150951,0,163.26207,96.47233,5.8527,116.8593,0,0,0,0,0,0,0,0,0,0,0,0,0,0,0,0,0,0,0,0,0,0,0,0,0,0,0,0,0,0,0,0,0,0,0,0,0,0,0,0,850412,356126,332181,361495,1784,359711,333499,30416,24847,356403,0,361495,196424,84602,111822,113925,332146,200749,113925,361495,0,356403,0,0,0,0,0,0,0,0
nutch_phase0_core0,tsetlin_MTPS4800,0.3367,40000003,118801155,367542,151315,216227,58099,34048,24051,9282,60240,810610,549058,261552,265906,203892,62014,579782,579765,131120,120092,4352,251317,17,157.05751,96.47233,5.8527,115.27911,0,0,0,0,0,0,0,0,0,0,0,0,0,0,0,0,0,0,0,0,0,936458,294952,347449,361493,5609,355884,579782,304354,275193,361493,177643,43000,134643,132319,347416,180529,132319,361493,0,0,0,0,0,0,0,0,0,0,0,0,0,0,0,0,0,0,0,0,0,0,0,0,0,0,0,0,0,0,0
nutch_phase0_core0,meta_selector_MTPS4800,0.33497,40000003,119415347,369491,151377,218114,65916,31828,34088,9067,61158,892562,629085,263477,265917,195416,70501,717040,716931,121339,121904,4945,243430,109,162.02375,96.47233,5.8527,116.1261,179633,164373,17498,49.69046,45.46921,4.84033,1.03475,3.41562,0.10687,0.11764,0.16038,0.02352,361504,14298,17498,102805,27405,213796,24118,89,0.05,926870,256935,347352,361504,5576,355928,575274,302820,272279,361504,175260,26456,148804,134568,347179,177892,134568,361504,0,926736,299182,321914,361504,3617,357887,643723,282212,361511,352768,0,361504,176922,51647,125275,109464,318110,181490,109464,361504,0,352768,0,361504,190358,181531,6336,107225,55188,0
nutch_phase0_core0,tsetlin_no_dyn_deg,0.33354,40000003,119925643,315209,110396,204813,74971,35583,39388,9363,64607,609992,399652,210340,265915,185954,79961,273771,273771,98423,61646,5665,160118,0,166.61415,96.47233,5.8527,116.94544,0,0,0,0,0,0,0,0,0,0,0,0,0,0,0,0,0,0,0,0,0,809413,320637,351382,361501,5536,355965,273771,0,0,361501,151318,95001,56317,119134,351347,155049,119134,361501,289295,0,0,0,0,0,0,0,0,0,0,0,0,0,0,0,0,0,0,0,0,0,0,0,0,0,0,0,0,0,0
nutch_phase0_core0,linucb_no_dyn_deg,0.33637,40000003,118915490,302092,104169,197923,59234,30211,29023,9174,65164,654566,457015,197551,265917,201341,64576,326770,326770,119397,39832,6441,159337,0,167.81521,96.47233,5.8527,115.76288,0,0,0,0,0,0,0,0,0,0,0,0,0,0,0,0,0,0,0,0,0,0,0,0,0,0,0,0,0,0,0,0,0,0,0,0,0,0,0,0,853776,377487,355337,361503,1746,359757,326770,0,0,358056,0,361503,211984,115938,96046,117171,355239,215105,117171,361503,416522,358056,0,0,0,0,0,0,0,0
nutch_phase0_core0,tsetlin_no_featurewise,0.33611,40000003,119010431,361415,146191,215224,59883,34251,25632,9313,59926,776930,521270,255660,265907,201637,64270,524651,524645,126174,115569,4888,241871,6,160.93626,96.47233,5.8527,115.36107,0,0,0,0,0,0,0,0,0,0,0,0,0,0,0,0,0,0,0,0,0,911903,295218,335363,361494,5610,355884,524651,276715,245734,361494,160964,46470,114494,122119,335343,164718,122119,0,0,0,0,0,0,0,0,0,0,0,0,0,0,0,0,0,0,0,0,0,0,0,0,0,0,0,0,0,0,0,0
nutch_phase0_core0,linucb_no_featurewise,0.33421,40000003,119686798,303410,104510,198900,70977,30300,40677,9134,65197,642417,443453,198964,265911,189232,76679,302966,302966,105073,45502,6188,150673,0,167.2876,96.47233,5.8527,116.67755,0,0,0,0,0,0,0,0,0,0,0,0,0,0,0,0,0,0,0,0,0,0,0,0,0,0,0,0,0,0,0,0,0,0,0,0,0,0,0,0,847268,364629,316444,361497,1808,359689,302966,13211,12921,352181,0,361497,178918,91968,86950,109960,316402,182982,109960,0,0,352181,0,0,0,0,0,0,0,0
nutch_phase0_core0,meta_selector_no_explore,0.33652,40000003,118862449,366983,150585,216398,55933,30829,25104,9084,60812,924501,663541,260960,265906,204890,61016,761862,761524,132745,124458,5336,257382,338,165.54231,96.47233,5.8527,115.43197,192313,154550,14628,53.19994,42.75349,4.04657,1.13475,2.25717,0.20656,0.11765,0.14996,0.02352,361491,12648,14628,86306,0,260557,26128,94,0,945909,265711,348028,361491,5579,355912,586341,306061,277704,361491,178924,30241,148683,136572,347932,181497,136572,361491,0,941575,289674,337572,361491,3628,357863,767413,298783,468630,345028,0,361491,193439,44557,148882,106452,323683,198083,106452,361491,0,345028,0,361491,190352,181527,6333,107240,55195,0
nutch_phase0_core0,linucb_no_suppress,0.33641,40000003,118904101,302394,103878,198516,59122,30111,29011,9161,65579,654584,456745,197839,265916,201442,64474,326878,326878,119547,40401,6451,160054,0,167.5009,96.47233,5.8527,115.72971,0,0,0,0,0,0,0,0,0,0,0,0,0,0,0,0,0,0,0,0,0,0,0,0,0,0,0,0,0,0,0,0,0,0,0,0,0,0,0,0,854301,376955,355134,361502,1749,359753,326878,751,501,0,0,361502,210891,116103,94788,117871,355036,213993,117871,361502,416107,358011,0,0,0,0,0,0,0,0
streaming_phase0_core1,nopref,0.21198,40000001,188692672,420830,272191,148639,215762,111623,104139,35764,8736,2760296,2451062,309234,2227624,2011861,215763,0,0,0,0,0,0,0,119.53976,97.04226,5.55692,83.33146,0,0,0,0,0,0,0,0,0,0,0,0,0,0,0,0,0,0,0,0,0,0,0,0,0,0,0,0,0,0,0,0,0,0,0,0,0,0,0,0,0,0,0,0,0,0,0,0,0,0,0,0,0,0,0,0,0,0,0,0,0,0,0,0,0,0,0,0,0,0
streaming_phase0_core1,spp,0.21304,40000001,187760705,908044,726332,181712,198584,126121,72463,38775,10887,3665070,3352942,312128,2227635,2015294,212341,2197817,2197817,56378,3326,13759,59758,0,111.24105,97.04226,5.55692,82.93679,0,0,0,0,0,0,0,0,0,0,0,0,0,0,0,0,0,0,0,0,0,0,0,0,0,0,0,0,0,0,0,0,0,0,0,0,0,0,0,0,0,0,0,0,0,0,0,0,0,0,0,0,0,0,0,0,0,0,0,0,0,0,0,0,0,0,0,0,0,0
streaming_phase0_core1,bingo,0.21479,40000001,186229116,529846,342216,187630,113607,78442,35165,36621,10073,3893168,3568139,325029,2227624,2105085,122539,1328111,1328111,169170,13984,8948,183373,0,148.32653,97.04226,5.55692,81.36023,0,0,0,0,0,0,0,0,0,0,0,0,0,0,0,0,0,0,0,0,0,0,0,0,0,0,0,0,0,0,0,0,0,0,0,0,0,0,0,0,0,0,0,0,0,0,0,0,0,0,0,0,0,0,0,0,0,0,0,0,0,0,0,0,0,0,0,0,0,0
streaming_phase0_core1,mlop,0.21445,40000001,186520248,673361,370598,302763,156188,125505,30683,40939,14308,2848780,2488131,360649,2227649,2045264,182385,493903,493903,116976,76875,26253,193924,0,114.05227,97.04226,5.55692,80.92169,0,0,0,0,0,0,0,0,0,0,0,0,0,0,0,0,0,0,0,0,0,0,0,0,0,0,0,0,0,0,0,0,0,0,0,0,0,0,0,0,0,0,0,0,0,0,0,0,0,0,0,0,0,0,0,0,0,0,0,0,0,0,0,0,0,0,0,0,0,0
streaming_phase0_core1,pythia,0.21459,40000001,186399965,649155,474868,174287,142971,114004,28967,36104,5843,5500439,4974155,526284,2227597,2054075,173522,3682762,3682604,183382,147238,30664,332120,158,123.54375,97.04226,5.55692,81.74961,0,0,0,0,0,0,0,0,0,0,0,0,0,0,0,0,0,0,0,0,0,0,0,0,0,0,0,0,0,0,0,0,0,0,0,0,0,0,0,0,0,0,0,0,0,0,0,0,0,0,0,0,0,0,0,0,0,0,0,0,0,0,0,0,0,0,0,0,0,0
streaming_phase0_core1,linucb,0.21366,40000001,187209068,606275,432536,173739,153105,113148,39957,36219,6330,4820111,4335082,485029,2227636,2029365,198271,2257417,2257410,125482,128926,45254,255548,7,117.63094,97.04226,5.55692,82.68492,0,0,0,0,0,0,0,0,0,0,0,0,0,0,0,0,0,0,0,0,0,0,0,0,0,0,0,0,0,0,0,0,0,0,0,0,0,0,0,0,4851121,1378016,2282137,2331487,11574,2319913,2257417,47540,42681,2301405,0,2331487,1100504,91685,1008819,1107028,2281826,1131639,1107028,2331487,0,2301405,0,0,0,0,0,0,0,0
streaming_phase0_core1,tsetlin,0.21301,40000001,187784793,1539012,1291480,247532,241579,199378,42201,41910,4232,6010736,4600936,1409800,2227529,1957122,270407,3775985,3771323,187354,903527,28892,1093059,4662,118.45809,97.04226,5.55692,82.04458,0,0,0,0,0,0,0,0,0,0,0,0,0,0,0,0,0,0,0,0,0,5516481,1216144,2279106,2331380,25209,2306171,3775985,1975000,1784601,2331380,652696,58156,594540,1371621,2278627,663840,1371621,2331380,0,0,0,0,0,0,0,0,0,0,0,0,0,0,0,0,0,0,0,0,0,0,0,0,0,0,0,0,0,0,0
streaming_phase0_core1,meta_selector,0.21339,40000001,187451216,1361855,1124751,237104,216410,182273,34137,40825,4265,6473318,5242175,1231143,2227598,1969569,258029,4588594,4581038,187516,746119,41703,935768,7556,116.77995,97.04226,5.55692,82.28878,1150062,1145075,36312,49.32821,49.11431,1.55749,0.83718,0.76716,0.00135,0.05738,0.04547,0,2331449,31073,36312,390876,109094,1795167,190319,966,0.05,5351674,1055801,2279252,2331449,25209,2306240,3756235,1970213,1772020,2331449,646525,52382,594143,1371345,2278663,657332,1371345,2331449,0,5529255,1343840,2284594,2331449,23204,2308245,4636574,2215183,2421391,2290575,0,2331449,1115086,56261,1058825,1092811,2281879,1146634,1092811,2331449,0,2290575,0,2331449,296509,250404,43442,307486,154920,0
streaming_phase0_core1,nopref_MTPS600,0.20923,40000001,191175912,420840,272198,148642,215771,111632,104139,35764,8739,2760286,2451042,309244,2227621,2011849,215772,0,0,0,0,0,0,0,169.29799,97.04226,5.55692,84.2811,0,0,0,0,0,0,0,0,0,0,0,0,0,0,0,0,0,0,0,0,0,0,0,0,0,0,0,0,0,0,0,0,0,0,0,0,0,0,0,0,0,0,0,0,0,0,0,0,0,0,0,0,0,0,0,0,0,0,0,0,0,0,0,0,0,0,0,0,0,0
streaming_phase0_core1,spp_MTPS600,0.20977,40000001,190685405,903550,722780,180770,198603,123454,75149,38375,10793,3666961,3354846,312115,2227631,2014598,213033,2205196,2205196,55701,3294,14431,59032,0,193.331,97.04226,5.55692,83.77733,0,0,0,0,0,0,0,0,0,0,0,0,0,0,0,0,0,0,0,0,0,0,0,0,0,0,0,0,0,0,0,0,0,0,0,0,0,0,0,0,0,0,0,0,0,0,0,0,0,0,0,0,0,0,0,0,0,0,0,0,0,0,0,0,0,0,0,0,0,0
streaming_phase0_core1,bingo_MTPS600,0.21086,40000001,189699093,526406,339529,186877,113520,75205,38315,36469,9997,3887201,3562196,325005,2227638,2099172,128466,1328094,1328094,163213,13968,14992,177402,0,294.9706,97.04226,5.55692,82.135,0,0,0,0,0,0,0,0,0,0,0,0,0,0,0,0,0,0,0,0,0,0,0,0,0,0,0,0,0,0,0,0,0,0,0,0,0,0,0,0,0,0,0,0,0,0,0,0,0,0,0,0,0,0,0,0,0,0,0,0,0,0,0,0,0,0,0,0,0,0
streaming_phase0_core1,mlop_MTPS600,0.2089,40000001,191479911,665086,363286,301800,157205,124054,33151,40208,14299,2849265,2488409,360856,2227681,2045512,182169,494042,494042,117493,76757,25070,194314,0,244.7193,97.04226,5.55692,81.70445,0,0,0,0,0,0,0,0,0,0,0,0,0,0,0,0,0,0,0,0,0,0,0,0,0,0,0,0,0,0,0,0,0,0,0,0,0,0,0,0,0,0,0,0,0,0,0,0,0,0,0,0,0,0,0,0,0,0,0,0,0,0,0,0,0,0,0,0,0,0
streaming_phase0_core1,pythia_MTPS600,0.21106,40000001,189520557,647402,473663,173739,141461,112563,28898,36043,5797,5495649,4971095,524554,2227580,2046388,181192,3749231,3749011,174956,146400,39840,322855,220,229.01202,97.04226,5.55692,82.8377,0,0,0,0,0,0,0,0,0,0,0,0,0,0,0,0,0,0,0,0,0,0,0,0,0,0,0,0,0,0,0,0,0,0,0,0,0,0,0,0,0,0,0,0,0,0,0,0,0,0,0,0,0,0,0,0,0,0,0,0,0,0,0,0,0,0,0,0,0,0
streaming_phase0_core1,linucb_MTPS600,0.21036,40000001,190147488,596458,423565,172893,150451,112625,37826,36218,6593,4807237,4331663,475574,2227633,2018697,208936,2259179,2259172,113592,121090,58591,235806,7,165.42519,97.04226,5.55692,83.62762,0,0,0,0,0,0,0,0,0,0,0,0,0,0,0,0,0,0,0,0,0,0,0,0,0,0,0,0,0,0,0,0,0,0,0,0,0,0,0,0,4830323,1368998,2285019,2331484,11543,2319941,2259179,47518,42611,2298922,0,2331484,1114184,80556,1033628,1093999,2284708,1146828,1093999,2331484,0,2298922,0,0,0,0,0,0,0,0
streaming_phase0_core1,tsetlin_MTPS600,0.20935,40000001,191066594,1528596,1287547,241049,243307,198971,44336,41487,4220,5945621,4546099,1399522,2227580,1948686,278894,3701714,3697515,176525,896167,35673,1074777,4199,144.29407,97.04226,5.55692,83.10888,0,0,0,0,0,0,0,0,0,0,0,0,0,0,0,0,0,0,0,0,0,5494672,1215625,2279089,2331431,25209,2306222,3701714,1903926,1714130,2331431,646446,54756,591690,1373789,2278686,657175,1373789,2331431,0,0,0,0,0,0,0,0,0,0,0,0,0,0,0,0,0,0,0,0,0,0,0,0,0,0,0,0,0,0,0
streaming_phase0_core1,meta_selector_MTPS600,0.20978,40000001,190676849,1351404,1119257,232147,215540,181015,34525,40567,4132,6425279,5204346,1220933,2227612,1961528,266084,4547836,4540562,177435,737849,50676,917412,7274,142.73154,97.04226,5.55692,83.26809,1149573,1146094,35796,49.30693,49.15772,1.53534,0.66938,0.80201,0.00058,0.00181,0.04389,0,2331463,31218,35796,399074,108705,1787888,189529,924,0.05,5323829,1052915,2279601,2331463,25209,2306254,3684680,1895422,1709534,2331463,644817,49413,595404,1358516,2279126,655543,1358516,2331463,0,5513154,1346082,2284298,2331463,23406,2308057,4629135,2217114,2412021,2292677,0,2331463,1118608,54795,1063813,1092425,2281583,1148967,1092425,2331463,0,2292677,0,2331463,296507,250408,43437,307517,154935,0
streaming_phase0_core1,nopref_MTPS4800,0.21213,40000001,188566930,420832,272200,148632,215766,111632,104134,35762,8736,2760303,2451065,309238,2227628,2011861,215767,0,0,0,0,0,0,0,117.08129,97.04226,5.55692,83.30664,0,0,0,0,0,0,0,0,0,0,0,0,0,0,0,0,0,0,0,0,0,0,0,0,0,0,0,0,0,0,0,0,0,0,0,0,0,0,0,0,0,0,0,0,0,0,0,0,0,0,0,0,0,0,0,0,0,0,0,0,0,0,0,0,0,0,0,0,0,0
streaming_phase0_core1,spp_MTPS4800,0.21323,40000001,187588828,914241,732405,181836,198421,126313,72108,38817,10843,3668796,3356896,311900,2227636,2015663,211973,2204331,2204331,56627,3258,13551,59899,0,107.36583,97.04226,5.55692,82.8871,0,0,0,0,0,0,0,0,0,0,0,0,0,0,0,0,0,0,0,0,0,0,0,0,0,0,0,0,0,0,0,0,0,0,0,0,0,0,0,0,0,0,0,0,0,0,0,0,0,0,0,0,0,0,0,0,0,0,0,0,0,0,0,0,0,0,0,0,0,0
streaming_phase0_core1,bingo_MTPS4800,0.21508,40000001,185977218,529977,342342,187635,113616,78559,35057,36634,10069,3894356,3569321,325035,2227626,2106372,121254,1328022,1328022,170452,13984,7653,184655,0,129.07016,97.04226,5.55692,81.29956,0,0,0,0,0,0,0,0,0,0,0,0,0,0,0,0,0,0,0,0,0,0,0,0,0,0,0,0,0,0,0,0,0,0,0,0,0,0,0,0,0,0,0,0,0,0,0,0,0,0,0,0,0,0,0,0,0,0,0,0,0,0,0,0,0,0,0,0,0,0
streaming_phase0_core1,mlop_MTPS4800,0.21475,40000001,186260181,678622,374610,304012,159761,128986,30775,41176,14107,2850621,2485599,365022,2227639,2042671,184968,493941,493941,115743,79919,25266,195719,0,104.15918,97.04226,5.55692,80.82115,0,0,0,0,0,0,0,0,0,0,0,0,0,0,0,0,0,0,0,0,0,0,0,0,0,0,0,0,0,0,0,0,0,0,0,0,0,0,0,0,0,0,0,0,0,0,0,0,0,0,0,0,0,0,0,0,0,0,0,0,0,0,0,0,0,0,0,0,0,0
streaming_phase0_core1,pythia_MTPS4800,0.21487,40000001,186155573,650785,476619,174166,144224,115361,28863,36060,5889,5506619,4978711,527908,2227600,2053614,173986,3679244,3679073,184595,147346,29865,333467,171,111.28937,97.04226,5.55692,81.7515,0,0,0,0,0,0,0,0,0,0,0,0,0,0,0,0,0,0,0,0,0,0,0,0,0,0,0,0,0,0,0,0,0,0,0,0,0,0,0,0,0,0,0,0,0,0,0,0,0,0,0,0,0,0,0,0,0,0,0,0,0,0,0,0,0,0,0,0,0,0
streaming_phase0_core1,linucb_MTPS4800,0.21365,40000001,187220395,596410,424042,172368,151036,112069,38967,36182,6577,4809778,4334230,475548,2227618,2023398,204220,2257931,2257924,118552,120848,53267,240524,7,111.34373,97.04226,5.55692,82.66715,0,0,0,0,0,0,0,0,0,0,0,0,0,0,0,0,0,0,0,0,0,0,0,0,0,0,0,0,0,0,0,0,0,0,0,0,0,0,0,0,4835114,1371248,2281082,2331469,11639,2319830,2257931,50597,45197,2303147,0,2331469,1108031,85076,1022955,1098649,2280768,1138308,1098649,2331469,0,2303147,0,0,0,0,0,0,0,0
streaming_phase0_core1,tsetlin_MTPS4800,0.21328,40000001,187545024,1539554,1292550,247004,240727,199003,41724,41810,4133,6028272,4617804,1410468,2227522,1959836,267686,3802986,3798361,190640,903593,27021,1096448,4625,116.64637,97.04226,5.55692,82.05834,0,0,0,0,0,0,0,0,0,0,0,0,0,0,0,0,0,0,0,0,0,5527233,1222698,2279200,2331373,25209,2306164,3802986,1995788,1804341,2331373,659556,57367,602189,1371788,2278758,670731,1371788,2331373,0,0,0,0,0,0,0,0,0,0,0,0,0,0,0,0,0,0,0,0,0,0,0,0,0,0,0,0,0,0,0
streaming_phase0_core1,meta_selector_MTPS4800,0.21372,40000001,187163070,1368520,1130055,238465,217139,183327,33812,40891,4196,6485279,5247290,1237989,2227572,1972518,255054,4602096,4594506,191215,752033,37996,945465,7590,115.04505,97.04226,5.55692,82.15531,1150838,1145018,35567,49.36204,49.11241,1.52555,0.77708,0.76876,0.03985,0.00162,0.0458,0,2331423,30515,35567,385660,109396,1800800,190891,940,0.05,5366564,1063606,2279008,2331423,25209,2306214,3776288,1986681,1787376,2331423,649052,52319,596733,1371762,2278434,659274,1371762,2331423,0,5541882,1348255,2283569,2331423,23318,2308105,4659411,2217140,2442271,2294665,0,2331423,1117107,56952,1060155,1094836,2280853,1146587,1094836,2331423,0,2294665,0,2331423,296500,250393,43445,307470,154913,0
streaming_phase0_core1,tsetlin_no_dyn_deg,0.21254,40000001,188196425,958682,758089,200593,219409,157668,61741,38089,4764,4270417,3438428,831989,2227625,1985775,241850,1637944,1637944,125886,423478,22497,551086,0,116.08712,97.04226,5.55692,82.73266,0,0,0,0,0,0,0,0,0,0,0,0,0,0,0,0,0,0,0,0,0,4599713,1057928,2291396,2331476,25197,2306279,1637944,0,0,2331476,471919,109113,362806,1077077,2290903,496235,1077077,2331476,1611475,0,0,0,0,0,0,0,0,0,0,0,0,0,0,0,0,0,0,0,0,0,0,0,0,0,0,0,0,0,0
streaming_phase0_core1,linucb_no_dyn_deg,0.21352,40000001,187332702,588695,417323,171372,147456,111490,35966,35885,6588,4826897,4359526,467371,2227622,2029291,198331,2238853,2238853,134451,108629,50927,244235,0,110.92239,97.04226,5.55692,82.5618,0,0,0,0,0,0,0,0,0,0,0,0,0,0,0,0,0,0,0,0,0,0,0,0,0,0,0,0,0,0,0,0,0,0,0,0,0,0,0,0,4854415,1400126,2291619,2331473,11575,2319898,2238853,0,0,2315751,0,2331473,1116037,122794,993243,1123617,2291305,1136731,1123617,2331473,2523600,2315751,0,0,0,0,0,0,0,0
streaming_phase0_core1,tsetlin_no_featurewise,0.21219,40000001,188511127,1517983,1265492,252491,256897,200308,56589,42249,4213,5548401,4159634,1388767,2227580,1951819,275761,3127699,3127035,160065,906694,18914,1068880,664,118.60835,97.04226,5.55692,82.71331,0,0,0,0,0,0,0,0,0,0,0,0,0,0,0,0,0,0,0,0,0,5277713,1157975,2205589,2331431,25207,2306224,3127699,1701555,1414380,2331431,492344,49707,442637,1226124,2205139,510670,1226124,0,0,0,0,0,0,0,0,0,0,0,0,0,0,0,0,0,0,0,0,0,0,0,0,0,0,0,0,0,0,0,0
streaming_phase0_core1,linucb_no_featurewise,0.21349,40000001,187360681,605397,429914,175483,159681,116696,42985,36159,6540,4675908,4192403,483505,2227620,2022524,205096,2056310,2056310,103770,119497,45482,224572,0,114.0349,97.04226,5.55692,82.66647,0,0,0,0,0,0,0,0,0,0,0,0,0,0,0,0,0,0,0,0,0,0,0,0,0,0,0,0,0,0,0,0,0,0,0,0,0,0,0,0,4770587,1332055,2168900,2331471,11546,2319925,2056310,15596,4337,2267798,0,2331471,947095,89684,857411,1082149,2168541,983969,1082149,0,0,2267798,0,0,0,0,0,0,0,0
streaming_phase0_core1,meta_selector_no_explore,0.21345,40000001,187401707,1366664,1132926,233738,216846,184219,32627,40426,4186,6465623,5229520,1236103,2227598,1965810,261788,4582560,4574222,193490,744386,45033,939950,8338,116.39032,97.04226,5.55692,82.25988,1202157,1092288,37004,51.56265,46.85018,1.58717,0.93086,0.75883,0.00101,0.05851,0.04661,0,2331449,31088,37004,420178,0,1874267,187601,940,0,5357710,1066430,2278914,2331449,25209,2306240,3763198,1971446,1777442,2331449,650425,52885,597540,1365267,2278436,661329,1365267,2331449,0,5482234,1288268,2303570,2331449,23259,2308190,4601703,2182956,2418747,2228965,0,2331449,1103824,39080,1064744,1068052,2239068,1136105,1068052,2331449,0,2228965,0,2331449,296495,250387,43448,307485,154920,0
streaming_phase0_core1,linucb_no_suppress,0.21324,40000001,187579791,577418,407200,170218,155997,115578,40419,35889,6705,4815281,4358476,456805,2227625,2018475,209150,2216499,2216499,102758,99795,53226,203624,0,112.79646,97.04226,5.55692,82.76903,0,0,0,0,0,0,0,0,0,0,0,0,0,0,0,0,0,0,0,0,0,0,0,0,0,0,0,0,0,0,0,0,0,0,0,0,0,0,0,0,4772310,1336464,2309723,2331477,11704,2319773,2216499,1313,1044,0,0,2331477,1111516,90789,1020727,1110171,2309414,1134052,1110171,2331477,2507615,2317591,0,0,0,0,0,0,0,0
